Accepted IPv4 client on socket 25
Local : 10.140.1.223
Remote: 10.140.1.31
Open connections: 1
new request, connection 0, socket 25 type Unknown
httpd receiving on socket 25, connection 0

httpd: current connections:
connection 0 type 0 socket 25  conn 0x757654000b70 Unknown ACTIVE CONNECTION
 
httpd request received on socket 25, connection 0, method = GET, url = /info, protocol = RTSP/1.0
conn_request
New connection 0x757654000b70 identified as Connection type RAOP

GET /info RTSP/1.0
X-Apple-ProtocolVersion: 1
Content-Length: 70
Content-Type: application/x-apple-binary-plist
CSeq: 0
DACP-ID: 72B5A52C22E5647C
Active-Remote: 2558876681
User-Agent: AirPlay/775.3.1

<?xml version="1.0" encoding="UTF-8"?>
<!DOCTYPE plist PUBLIC "-//Apple//DTD PLIST 1.0//EN" "http://www.apple.com/DTDs/PropertyList-1.0.dtd">
<plist version="1.0">
<dict>
	<key>qualifier</key>
	<array>
		<string>txtAirPlay</string>
	</array>
</dict>
</plist>

Handling request GET with URL /info

RTSP/1.0 200 OK 
Audio-Jack-Status: connected; type=digital 
Content-Type: application/x-apple-binary-plist 
Server: AirTunes/220.68 
CSeq: 0 
Content-Length: 1096 
 

<?xml version="1.0" encoding="UTF-8"?>
<!DOCTYPE plist PUBLIC "-//Apple//DTD PLIST 1.0//EN" "http://www.apple.com/DTDs/PropertyList-1.0.dtd">
<plist version="1.0">
<dict>
	<key>deviceID</key>
	<string>00:0c:29:6b:7a:fd</string>
	<key>pk</key>
	<data>
	Ftz6ELxD9cDiENs1Xvk/Nu0IbQfKAIkWcEoTGjus5cM=
	</data>
	<key>txtAirPlay</key>
	<data>
	GmRldmljZWlkPTAwOjBjOjI5OjZiOjdhOmZkF2ZlYXR1cmVzPTB4NUE3RkZFRTYsMHgw
	CWZsYWdzPTB4NBBtb2RlbD1BcHBsZVRWMywyQ3BrPTE2ZGNmYTEwYmM0M2Y1YzBlMjEw
	ZGIzNTVlZjkzZjM2ZWQwODZkMDdjYTAwODkxNjcwNGExMzFhM2JhY2U1YzMIcHc9ZmFs
	c2UncGk9MmUzODgwMDYtMTNiYS00MDQxLTlhNjctMjVkZDRhNDNkNTM2DnNyY3ZlcnM9
	MjIwLjY4BHZ2PTI=
	</data>
	<key>features</key>
	<integer>1518337766</integer>
	<key>name</key>
	<string>UxPlay@taowen-ubuntu</string>
	<key>audioLatencies</key>
	<array>
		<dict>
			<key>type</key>
			<integer>100</integer>
			<key>inputLatencyMicros</key>
			<integer>0</integer>
			<key>audioType</key>
			<string>default</string>
			<key>outputLatencyMicros</key>
			<false/>
		</dict>
		<dict>
			<key>type</key>
			<integer>101</integer>
			<key>audioType</key>
			<string>default</string>
			<key>inputLatencyMicros</key>
			<integer>0</integer>
			<key>outputLatencyMicros</key>
			<false/>
		</dict>
	</array>
	<key>audioFormats</key>
	<array>
		<dict>
			<key>audioOutputFormats</key>
			<integer>67108860</integer>
			<key>type</key>
			<integer>100</integer>
			<key>audioInputFormats</key>
			<integer>67108860</integer>
		</dict>
		<dict>
			<key>audioOutputFormats</key>
			<integer>67108860</integer>
			<key>type</key>
			<integer>101</integer>
			<key>audioInputFormats</key>
			<integer>67108860</integer>
		</dict>
	</array>
	<key>pi</key>
	<string>2e388006-13ba-4041-9a67-25dd4a43d536</string>
	<key>vv</key>
	<integer>2</integer>
	<key>statusFlags</key>
	<integer>68</integer>
	<key>keepAliveLowPower</key>
	<integer>1</integer>
	<key>sourceVersion</key>
	<string>220.68</string>
	<key>keepAliveSendStatsAsBody</key>
	<true/>
	<key>model</key>
	<string>AppleTV3,2</string>
	<key>macAddress</key>
	<string>00:0c:29:6b:7a:fd</string>
	<key>displays</key>
	<array>
		<dict>
			<key>uuid</key>
			<string>e0ff8a27-6738-3d56-8a16-cc53aacee925</string>
			<key>widthPhysical</key>
			<integer>0</integer>
			<key>heightPhysical</key>
			<integer>0</integer>
			<key>width</key>
			<integer>1920</integer>
			<key>height</key>
			<integer>1080</integer>
			<key>widthPixels</key>
			<integer>1920</integer>
			<key>heightPixels</key>
			<integer>1080</integer>
			<key>rotation</key>
			<false/>
			<key>refreshRate</key>
			<real>0.016666666666666666</real>
			<key>maxFPS</key>
			<integer>30</integer>
			<key>overscanned</key>
			<false/>
			<key>features</key>
			<integer>14</integer>
		</dict>
	</array>
</dict>
</plist>

new request, connection 0, socket 25 type RAOP
httpd receiving on socket 25, connection 0

httpd: current connections:
connection 0 type 1 socket 25  conn 0x757654000b70 RAOP ACTIVE CONNECTION
 
httpd request received on socket 25, connection 0, method = POST, url = /pair-setup, protocol = RTSP/1.0
conn_request

POST /pair-setup RTSP/1.0
Content-Length: 32
Content-Type: application/octet-stream
CSeq: 1
DACP-ID: 72B5A52C22E5647C
Active-Remote: 2558876681
User-Agent: AirPlay/775.3.1

b7 75 c9 79 75 5a 71 d3 09 81 dc d4 57 a9 3c 92 
5f 0a 26 03 58 87 f8 3b ea 38 76 09 38 d3 f4 df 

Handling request POST with URL /pair-setup

RTSP/1.0 200 OK 
Audio-Jack-Status: connected; type=digital 
Content-Type: application/octet-stream 
Server: AirTunes/220.68 
CSeq: 1 
Content-Length: 32 
 

16 dc fa 10 bc 43 f5 c0 e2 10 db 35 5e f9 3f 36 
ed 08 6d 07 ca 00 89 16 70 4a 13 1a 3b ac e5 c3 

new request, connection 0, socket 25 type RAOP
httpd receiving on socket 25, connection 0

httpd: current connections:
connection 0 type 1 socket 25  conn 0x757654000b70 RAOP ACTIVE CONNECTION
 
httpd request received on socket 25, connection 0, method = POST, url = /pair-verify, protocol = RTSP/1.0
conn_request

POST /pair-verify RTSP/1.0
X-Apple-PD: 1
X-Apple-AbsoluteTime: 759932340
Content-Length: 68
Content-Type: application/octet-stream
CSeq: 2
DACP-ID: 72B5A52C22E5647C
Active-Remote: 2558876681
User-Agent: AirPlay/775.3.1

01 00 00 00 aa 6a eb 21 57 a5 77 76 ec f4 bd c5 
75 74 34 1c a7 8d d5 73 63 bb eb 0f 46 24 ea b3 
7b 1b 7b 71 b7 75 c9 79 75 5a 71 d3 09 81 dc d4 
57 a9 3c 92 5f 0a 26 03 58 87 f8 3b ea 38 76 09 
38 d3 f4 df 

Handling request POST with URL /pair-verify

RTSP/1.0 200 OK 
Audio-Jack-Status: connected; type=digital 
Content-Type: application/octet-stream 
Server: AirTunes/220.68 
CSeq: 2 
Content-Length: 96 
 

b0 55 f5 5a 85 1e 82 3f b4 2a 4c a6 b1 0f c8 59 
45 9b 90 bd fd ac 28 85 9f 0c b8 07 ea 71 d9 42 
fa 55 0e 1d e9 5a 07 e6 42 1a 06 46 f1 43 50 01 
65 a6 16 9a 91 a6 cd e7 a0 f7 63 43 8f 85 1a aa 
3f cf da a4 71 b4 b8 4d 1a 62 8f ac 5c 25 e0 d2 
99 d5 85 28 2e f4 2b 83 67 cb bd 54 a3 27 13 38 

new request, connection 0, socket 25 type RAOP
httpd receiving on socket 25, connection 0

httpd: current connections:
connection 0 type 1 socket 25  conn 0x757654000b70 RAOP ACTIVE CONNECTION
 
httpd request received on socket 25, connection 0, method = POST, url = /pair-verify, protocol = RTSP/1.0
conn_request

POST /pair-verify RTSP/1.0
X-Apple-PD: 1
X-Apple-AbsoluteTime: 759932340
Content-Length: 68
Content-Type: application/octet-stream
CSeq: 3
DACP-ID: 72B5A52C22E5647C
Active-Remote: 2558876681
User-Agent: AirPlay/775.3.1

00 00 00 00 46 e9 a7 3b c8 72 fc 21 15 69 5b 1f 
ce 3d cd 9c fd 42 7d 73 72 31 95 b6 5b 64 9b ed 
63 ec af 2e 67 cd e9 67 c4 4f 9d 51 88 f3 e0 86 
56 ed af ba 39 4f 54 86 39 42 66 2d 7e ef fc 44 
ef f1 cb 38 

Handling request POST with URL /pair-verify
2nd pair-verify step: checking signature
pair-verify: signature is verified

RTSP/1.0 200 OK 
Audio-Jack-Status: connected; type=digital 
Content-Type: application/octet-stream 
Server: AirTunes/220.68 
CSeq: 3 
Content-Length: 0 

new request, connection 0, socket 25 type RAOP
httpd receiving on socket 25, connection 0

httpd: current connections:
connection 0 type 1 socket 25  conn 0x757654000b70 RAOP ACTIVE CONNECTION
 
httpd request received on socket 25, connection 0, method = POST, url = /fp-setup, protocol = RTSP/1.0
conn_request

POST /fp-setup RTSP/1.0
X-Apple-ET: 32
Content-Length: 16
Content-Type: application/octet-stream
CSeq: 4
DACP-ID: 72B5A52C22E5647C
Active-Remote: 2558876681
User-Agent: AirPlay/775.3.1

46 50 4c 59 03 01 01 00 00 00 00 04 02 00 01 bb 

Handling request POST with URL /fp-setup

RTSP/1.0 200 OK 
Audio-Jack-Status: connected; type=digital 
Content-Type: application/octet-stream 
Server: AirTunes/220.68 
CSeq: 4 
Content-Length: 142 
 

46 50 4c 59 03 01 02 00 00 00 00 82 02 01 cf 32 
a2 57 14 b2 52 4f 8a a0 ad 7a f1 64 e3 7b cf 44 
24 e2 00 04 7e fc 0a d6 7a fc d9 5d ed 1c 27 30 
bb 59 1b 96 2e d6 3a 9c 4d ed 88 ba 8f c7 8d e6 
4d 91 cc fd 5c 7b 56 da 88 e3 1f 5c ce af c7 43 
19 95 a0 16 65 a5 4e 19 39 d2 5b 94 db 64 b9 e4 
5d 8d 06 3e 1e 6a f0 7e 96 56 16 2b 0e fa 40 42 
75 ea 5a 44 d9 59 1c 72 56 b9 fb e6 51 38 98 b8 
02 27 72 19 88 57 16 50 94 2a d9 46 68 8a 

new request, connection 0, socket 25 type RAOP
httpd receiving on socket 25, connection 0

httpd: current connections:
connection 0 type 1 socket 25  conn 0x757654000b70 RAOP ACTIVE CONNECTION
 
httpd request received on socket 25, connection 0, method = POST, url = /fp-setup, protocol = RTSP/1.0
conn_request

POST /fp-setup RTSP/1.0
X-Apple-ET: 32
Content-Length: 164
Content-Type: application/octet-stream
CSeq: 5
DACP-ID: 72B5A52C22E5647C
Active-Remote: 2558876681
User-Agent: AirPlay/775.3.1

46 50 4c 59 03 01 03 00 00 00 00 98 01 8f 1a 9c 
94 ad 7a fc 80 b7 98 41 5a 1a 81 ce 5b 75 63 3b 
79 69 02 e5 2a 24 4e 88 c4 20 c5 c2 d1 35 70 be 
d6 6f 68 78 76 33 19 a3 bd 19 de b0 50 19 b7 cc 
8d 7f ea 34 01 06 07 0c 10 3b b2 3c 05 59 1b d5 
02 9e 76 cf 50 7d c5 9e da 41 40 37 44 1d 6a 1c 
e7 c1 b2 15 b1 3e 6b 93 5b 7c c4 b4 5b cb 0d d5 
f0 b8 2f c3 8a 65 45 bc 98 1d 1a 5d 48 93 e5 7e 
77 63 b9 92 11 b1 d3 9c c5 bd 28 67 b2 fb 5b de 
96 bf a3 a0 ff 51 ef 63 28 ce 38 c8 be e7 9b 86 
5a 06 1c 49 

Handling request POST with URL /fp-setup

RTSP/1.0 200 OK 
Audio-Jack-Status: connected; type=digital 
Content-Type: application/octet-stream 
Server: AirTunes/220.68 
CSeq: 5 
Content-Length: 32 
 

46 50 4c 59 03 01 04 00 00 00 00 14 96 bf a3 a0 
ff 51 ef 63 28 ce 38 c8 be e7 9b 86 5a 06 1c 49 

new request, connection 0, socket 25 type RAOP
httpd receiving on socket 25, connection 0

httpd: current connections:
connection 0 type 1 socket 25  conn 0x757654000b70 RAOP ACTIVE CONNECTION
 
httpd request received on socket 25, connection 0, method = SETUP, url = rtsp://10.140.1.223/1575999658746661076, protocol = RTSP/1.0
conn_request

SETUP rtsp://10.140.1.223/1575999658746661076 RTSP/1.0
Content-Length: 623
Content-Type: application/x-apple-binary-plist
CSeq: 6
DACP-ID: 72B5A52C22E5647C
Active-Remote: 2558876681
User-Agent: AirPlay/775.3.1

<?xml version="1.0" encoding="UTF-8"?>
<!DOCTYPE plist PUBLIC "-//Apple//DTD PLIST 1.0//EN" "http://www.apple.com/DTDs/PropertyList-1.0.dtd">
<plist version="1.0">
<dict>
	<key>et</key>
	<integer>32</integer>
	<key>statsCollectionEnabled</key>
	<false/>
	<key>eiv</key>
	<data>
	hLKPAKEsc8OymghtZkPvwQ==
	</data>
	<key>sessionUUID</key>
	<string>15DF1356-F1BB-48D4-8A8A-C3FCA494C6D5</string>
	<key>timingProtocol</key>
	<string>NTP</string>
	<key>osName</key>
	<string>iPhone OS</string>
	<key>osBuildVersion</key>
	<string>21G93</string>
	<key>sourceVersion</key>
	<string>775.3.1</string>
	<key>timingPort</key>
	<integer>53911</integer>
	<key>isScreenMirroringSession</key>
	<true/>
	<key>osVersion</key>
	<string>17.6.1</string>
	<key>ekey</key>
	<data>
	RlBMWQECAQAAAAA8AAAAAFTt4T6qGAyPmoYRhb/aoqAAAAAQ/hMAswt+8PIzShVTmJmZ
	VTm3b0vhu+r5BMsov97NM88/w1P9
	</data>
	<key>sessionCorrelationUUID</key>
	<string>22E39508-74C6-4BCE-8685-AB01DB111C21</string>
	<key>deviceID</key>
	<string>08:FF:44:5D:A5:1E</string>
	<key>model</key>
	<string>iPad14,2</string>
	<key>name</key>
	<string>舒舒平板</string>
	<key>macAddress</key>
	<string>26:59:51:2E:80:25</string>
</dict>
</plist>

Handling request SETUP with URL rtsp://10.140.1.223/1575999658746661076
DACP-ID: 72B5A52C22E5647C
Active-Remote: 2558876681
SETUP 1
connection request from 舒舒平板 (iPad14,2) with deviceID = 08:FF:44:5D:A5:1E

eiv_len = 16
16 byte aesiv (needed for AES-CBC audio decryption iv):
84 b2 8f 00 a1 2c 73 c3 b2 9a 08 6d 66 43 ef c1 

ekey_len = 72
ekey:
46 50 4c 59 01 02 01 00 00 00 00 3c 00 00 00 00 
54 ed e1 3e aa 18 0c 8f 9a 86 11 85 bf da a2 a0 
00 00 00 10 fe 13 00 b3 0b 7e f0 f2 33 4a 15 53 
98 99 99 55 39 b7 6f 4b e1 bb ea f9 04 cb 28 bf 
de cd 33 cf 3f c3 53 fd 

fairplay_decrypt ret = 0
16 byte aeskey (fairplay-decrypted from ekey):
cb c2 23 e4 b1 01 3b 0b 6a 0e 98 63 3c 8a cc be 

Client identified as User-Agent: AirPlay/775.3.1
32 byte shared ecdh_secret:
f7 ae 48 bb 0e 17 9a 1b a3 72 a7 12 65 e0 d5 68 
f0 81 ba 02 f6 e3 8b b6 59 a1 3d 2f 3b c9 ef 28 

16 byte aeskey after sha-256 hash with ecdh_secret:
0b 2e 3c 24 e2 1e 41 bc cb e4 07 b3 36 80 be 07 

timing_rport = 53911
raop_ntp parse remote ip = 10.140.1.31
raop_ntp starting time
raop_ntp local timing port socket 26 port UDP 45393
raop_rtp parse remote ip = 10.140.1.31
raop_rtp_mirror parse remote ip = 10.140.1.31
eport = 0, tport = 45393

RTSP/1.0 200 OK 
Audio-Jack-Status: connected; type=digital 
Content-Type: application/x-apple-binary-plist 
Server: AirTunes/220.68 
CSeq: 6 
Content-Length: 76 
 

<?xml version="1.0" encoding="UTF-8"?>
<!DOCTYPE plist PUBLIC "-//Apple//DTD PLIST 1.0//EN" "http://www.apple.com/DTDs/PropertyList-1.0.dtd">
<plist version="1.0">
<dict>
	<key>timingPort</key>
	<integer>45393</integer>
	<key>eventPort</key>
	<integer>0</integer>
</dict>
</plist>


raop_ntp send time type_t=82 packetlen = 32, now = 1738239540.262538
80 d2 00 07 00 00 00 00 00 00 00 00 00 00 00 00 
00 00 00 00 00 00 00 00 eb 45 ec b4 43 35 ad 83 

new request, connection 0, socket 25 type RAOP
httpd receiving on socket 25, connection 0

httpd: current connections:
connection 0 type 1 socket 25  conn 0x757654000b70 RAOP ACTIVE CONNECTION
 
httpd request received on socket 25, connection 0, method = GET, url = /info, protocol = RTSP/1.0
conn_request

GET /info RTSP/1.0
X-Apple-ProtocolVersion: 1
CSeq: 7
DACP-ID: 72B5A52C22E5647C
Active-Remote: 2558876681
User-Agent: AirPlay/775.3.1

Handling request GET with URL /info

RTSP/1.0 200 OK 
Audio-Jack-Status: connected; type=digital 
Content-Type: application/x-apple-binary-plist 
Server: AirTunes/220.68 
CSeq: 7 
Content-Length: 1096 
 

<?xml version="1.0" encoding="UTF-8"?>
<!DOCTYPE plist PUBLIC "-//Apple//DTD PLIST 1.0//EN" "http://www.apple.com/DTDs/PropertyList-1.0.dtd">
<plist version="1.0">
<dict>
	<key>deviceID</key>
	<string>00:0c:29:6b:7a:fd</string>
	<key>pk</key>
	<data>
	Ftz6ELxD9cDiENs1Xvk/Nu0IbQfKAIkWcEoTGjus5cM=
	</data>
	<key>txtAirPlay</key>
	<data>
	GmRldmljZWlkPTAwOjBjOjI5OjZiOjdhOmZkF2ZlYXR1cmVzPTB4NUE3RkZFRTYsMHgw
	CWZsYWdzPTB4NBBtb2RlbD1BcHBsZVRWMywyQ3BrPTE2ZGNmYTEwYmM0M2Y1YzBlMjEw
	ZGIzNTVlZjkzZjM2ZWQwODZkMDdjYTAwODkxNjcwNGExMzFhM2JhY2U1YzMIcHc9ZmFs
	c2UncGk9MmUzODgwMDYtMTNiYS00MDQxLTlhNjctMjVkZDRhNDNkNTM2DnNyY3ZlcnM9
	MjIwLjY4BHZ2PTI=
	</data>
	<key>features</key>
	<integer>1518337766</integer>
	<key>name</key>
	<string>UxPlay@taowen-ubuntu</string>
	<key>audioLatencies</key>
	<array>
		<dict>
			<key>type</key>
			<integer>100</integer>
			<key>inputLatencyMicros</key>
			<integer>0</integer>
			<key>audioType</key>
			<string>default</string>
			<key>outputLatencyMicros</key>
			<false/>
		</dict>
		<dict>
			<key>type</key>
			<integer>101</integer>
			<key>audioType</key>
			<string>default</string>
			<key>inputLatencyMicros</key>
			<integer>0</integer>
			<key>outputLatencyMicros</key>
			<false/>
		</dict>
	</array>
	<key>audioFormats</key>
	<array>
		<dict>
			<key>audioOutputFormats</key>
			<integer>67108860</integer>
			<key>type</key>
			<integer>100</integer>
			<key>audioInputFormats</key>
			<integer>67108860</integer>
		</dict>
		<dict>
			<key>audioOutputFormats</key>
			<integer>67108860</integer>
			<key>type</key>
			<integer>101</integer>
			<key>audioInputFormats</key>
			<integer>67108860</integer>
		</dict>
	</array>
	<key>pi</key>
	<string>2e388006-13ba-4041-9a67-25dd4a43d536</string>
	<key>vv</key>
	<integer>2</integer>
	<key>statusFlags</key>
	<integer>68</integer>
	<key>keepAliveLowPower</key>
	<integer>1</integer>
	<key>sourceVersion</key>
	<string>220.68</string>
	<key>keepAliveSendStatsAsBody</key>
	<true/>
	<key>model</key>
	<string>AppleTV3,2</string>
	<key>macAddress</key>
	<string>00:0c:29:6b:7a:fd</string>
	<key>displays</key>
	<array>
		<dict>
			<key>uuid</key>
			<string>e0ff8a27-6738-3d56-8a16-cc53aacee925</string>
			<key>widthPhysical</key>
			<integer>0</integer>
			<key>heightPhysical</key>
			<integer>0</integer>
			<key>width</key>
			<integer>1920</integer>
			<key>height</key>
			<integer>1080</integer>
			<key>widthPixels</key>
			<integer>1920</integer>
			<key>heightPixels</key>
			<integer>1080</integer>
			<key>rotation</key>
			<false/>
			<key>refreshRate</key>
			<real>0.016666666666666666</real>
			<key>maxFPS</key>
			<integer>30</integer>
			<key>overscanned</key>
			<false/>
			<key>features</key>
			<integer>14</integer>
		</dict>
	</array>
</dict>
</plist>

raop_ntp receive time type_t=83 packetlen = 32, now = 1738239540.273767 t1 = 2059884.125069, t2 = 2059884.125233
80 d3 00 07 00 00 00 00 eb 45 ec b4 43 35 ad 83 
83 c9 ec ec 20 04 80 bc 83 c9 ec ec 20 0f 49 fc 

raop_ntp sync correction = -1736179656143001285, sync_offset = -1736179656143001285
new request, connection 0, socket 25 type RAOP
httpd receiving on socket 25, connection 0

httpd: current connections:
connection 0 type 1 socket 25  conn 0x757654000b70 RAOP ACTIVE CONNECTION
 
httpd request received on socket 25, connection 0, method = GET_PARAMETER, url = rtsp://10.140.1.223/1575999658746661076, protocol = RTSP/1.0
conn_request

GET_PARAMETER rtsp://10.140.1.223/1575999658746661076 RTSP/1.0
Content-Length: 8
Content-Type: text/parameters
CSeq: 8
DACP-ID: 72B5A52C22E5647C
Active-Remote: 2558876681
User-Agent: AirPlay/775.3.1

volume 

Handling request GET_PARAMETER with URL rtsp://10.140.1.223/1575999658746661076

RTSP/1.0 200 OK 
Audio-Jack-Status: connected; type=digital 
Content-Type: text/parameters 
Server: AirTunes/220.68 
CSeq: 8 
Content-Length: 13 
 

volume: 0.0 

new request, connection 0, socket 25 type RAOP
httpd receiving on socket 25, connection 0

httpd: current connections:
connection 0 type 1 socket 25  conn 0x757654000b70 RAOP ACTIVE CONNECTION
 
httpd request received on socket 25, connection 0, method = RECORD, url = rtsp://10.140.1.223/1575999658746661076, protocol = RTSP/1.0
conn_request

RECORD rtsp://10.140.1.223/1575999658746661076 RTSP/1.0
CSeq: 9
DACP-ID: 72B5A52C22E5647C
Active-Remote: 2558876681
User-Agent: AirPlay/775.3.1

Handling request RECORD with URL rtsp://10.140.1.223/1575999658746661076
raop_handler_record

RTSP/1.0 200 OK 
Audio-Latency: 11025 
Audio-Jack-Status: connected; type=analog 
Server: AirTunes/220.68 
CSeq: 9 

new request, connection 0, socket 25 type RAOP
httpd receiving on socket 25, connection 0

httpd: current connections:
connection 0 type 1 socket 25  conn 0x757654000b70 RAOP ACTIVE CONNECTION
 
httpd request received on socket 25, connection 0, method = SETUP, url = rtsp://10.140.1.223/1575999658746661076, protocol = RTSP/1.0
conn_request

SETUP rtsp://10.140.1.223/1575999658746661076 RTSP/1.0
Content-Length: 204
Content-Type: application/x-apple-binary-plist
CSeq: 10
DACP-ID: 72B5A52C22E5647C
Active-Remote: 2558876681
User-Agent: AirPlay/775.3.1

<?xml version="1.0" encoding="UTF-8"?>
<!DOCTYPE plist PUBLIC "-//Apple//DTD PLIST 1.0//EN" "http://www.apple.com/DTDs/PropertyList-1.0.dtd">
<plist version="1.0">
<dict>
	<key>streams</key>
	<array>
		<dict>
			<key>timestampInfo</key>
			<array>
				<dict>
					<key>name</key>
					<string>SubSu</string>
				</dict>
				<dict>
					<key>name</key>
					<string>BePxT</string>
				</dict>
				<dict>
					<key>name</key>
					<string>AfPxT</string>
				</dict>
				<dict>
					<key>name</key>
					<string>BefEn</string>
				</dict>
				<dict>
					<key>name</key>
					<string>EmEnc</string>
				</dict>
			</array>
			<key>latencyMs</key>
			<integer>100</integer>
			<key>type</key>
			<integer>110</integer>
			<key>streamConnectionID</key>
			<integer>6569680090015288973</integer>
		</dict>
	</array>
</dict>
</plist>

Handling request SETUP with URL rtsp://10.140.1.223/1575999658746661076
DACP-ID: 72B5A52C22E5647C
Active-Remote: 2558876681
type = 110
streamConnectionID (needed for AES-CTR video decryption key and iv): 6569680090015288973
Stream Connection ID: 6569680090015288973

Audio AES Key: 
0b 
2e 
3c 
24 
e2 
1e 
41 
bc 

                
cb 
e4 
07 
b3 
36 
80 
be 
07 

                


Video AES Key: 
fa 
0e 
88 
2a 
69 
aa 
78 
d2 

                 
f1 
11 
87 
b8 
1b 
19 
c1 
76 

                 

Video AES IV:  
20 
3a 
e4 
c0 
5b 
2d 
0a 
4d 

                
3a 
6c 
7f 
d7 
dc 
53 
8e 
13 

                


raop_rtp_mirror starting mirroring
raop_rtp_mirror local data port socket 27 port TCP 42553
Mirroring initialized successfully

RTSP/1.0 200 OK 
Audio-Jack-Status: connected; type=digital 
Content-Type: application/x-apple-binary-plist 
Server: AirTunes/220.68 
CSeq: 10 
Content-Length: 85 
 

<?xml version="1.0" encoding="UTF-8"?>
<!DOCTYPE plist PUBLIC "-//Apple//DTD PLIST 1.0//EN" "http://www.apple.com/DTDs/PropertyList-1.0.dtd">
<plist version="1.0">
<dict>
	<key>streams</key>
	<array>
		<dict>
			<key>dataPort</key>
			<integer>42553</integer>
			<key>type</key>
			<integer>110</integer>
		</dict>
	</array>
</dict>
</plist>

select返回: ret=1
准备接受新的客户端连接
新客户端连接已接受，stream_fd=28
select返回: ret=1
准备接收数据包头...
接收包头: ret=128, readstart=0
包头接收完成，详细信息:
完整的包头十六进制转储:
0000: 25 00 00 00 01 00 16 01 c5 34 53 77 6c 6e 1f 00  |%........4Swln..|
0010: 00 c0 cd 44 00 00 87 44 00 00 00 00 00 00 00 00  |...D...D........|
0020: 00 00 00 00 00 00 00 00 00 c0 cd 44 00 00 87 44  |...........D...D|
0030: 00 00 09 43 00 00 00 00 00 c0 cd 44 00 00 87 44  |...C.......D...D|
0040: 00 00 00 00 00 00 00 00 00 00 00 00 00 00 00 00  |................|
0050: 00 00 00 00 00 00 00 00 00 00 00 00 00 00 00 00  |................|
0060: 00 00 00 00 00 00 00 00 00 00 00 00 00 00 00 00  |................|
0070: 00 00 00 00 00 00 00 00 00 00 00 00 00 00 00 00  |................|
- 包类型: 0x01 0x00
- 选项: 0x16 0x01
- 时间戳: 8847136415495365
- 负载大小: 37
准备接收负载数据，大小: 37
接收负载数据: ret=37, readstart=0, 剩余=37

Received unencrypted codec packet from client: payload_size 37 header 01 00 16 01  ts_client = 2059884.466113
raop_rtp_mirror: unidentified extra header data  137.000000, 0.000000
begin video stream wxh = 1646x1080; source 1646x1080
raop_rtp_mirror width_source = 1646.000000 height_source = 1080.000000 width = 1646.000000 height = 1080.000000
raop_rtp_mirror: SPS+PPS header size = 6
raop_rtp_mirror h264 SPS+PPS header:
01 64 00 28 ff e1 

raop_rtp_mirror SPS NAL size = 18
raop_rtp_mirror h264 Sequence Parameter Set:
27 64 00 28 ac 13 14 50 19 c0 89 ea 59 b8 08 08 
08 10 

raop_rtp_mirror PPS NAL size = 4
raop_rtp_mirror h264 Picture Parameter Set:
28 ee 3c b0 

remainder size = 4
remainder of SPS+PPS packet:
02 00 00 00 

select返回: ret=1
准备接收数据包头...
接收包头: ret=128, readstart=0
包头接收完成，详细信息:
完整的包头十六进制转储:
0000: 4d 82 00 00 00 10 00 00 c5 34 53 77 6c 6e 1f 00  |M........4Swln..|
0010: 00 00 00 00 00 00 00 00 00 00 00 00 00 00 00 00  |................|
0020: 00 00 00 00 00 00 00 00 00 00 00 00 00 00 00 00  |................|
0030: 00 00 00 00 00 00 00 00 00 00 00 00 00 00 00 00  |................|
0040: 00 00 00 00 00 00 00 00 00 00 00 00 00 00 00 00  |................|
0050: 00 00 00 00 00 00 00 00 00 00 00 00 00 00 00 00  |................|
0060: 00 00 00 00 00 00 00 00 00 00 00 00 00 00 00 00  |................|
0070: 00 00 00 00 00 00 00 00 00 00 00 00 00 00 00 00  |................|
- 包类型: 0x00 0x10
- 选项: 0x00 0x00
- 时间戳: 8847136415495365
- 负载大小: 33357
准备接收负载数据，大小: 33357
接收负载数据: ret=12739, readstart=0, 剩余=33357
接收负载数据: ret=5792, readstart=12739, 剩余=20618
接收负载数据: ret=14826, readstart=18531, 剩余=14826
时间戳信息: local=1738239540609114659 (1738239540.609115秒), remote=2059884466113374 (2059884.466113秒)
raop_rtp video: now = 1738239540.592549, ntp = 1738239540.609115, latency = -0.016566, ts = 2059884.466113, 00 10 00 00  h264
Begin streaming to GStreamer video pipeline
Looking for X11 UxPlay Window, attempt 1
select返回: ret=1
准备接收数据包头...
接收包头: ret=128, readstart=0
包头接收完成，详细信息:
完整的包头十六进制转储:
0000: 29 11 00 00 00 00 00 00 f1 5f 20 84 6c 6e 1f 00  |)........_ .ln..|
0010: 00 00 00 00 00 00 00 00 00 00 00 00 00 00 00 00  |................|
0020: 00 00 00 00 00 00 00 00 00 00 00 00 00 00 00 00  |................|
0030: 00 00 00 00 00 00 00 00 00 00 00 00 00 00 00 00  |................|
0040: 00 00 00 00 00 00 00 00 00 00 00 00 00 00 00 00  |................|
0050: 00 00 00 00 00 00 00 00 00 00 00 00 00 00 00 00  |................|
0060: 00 00 00 00 00 00 00 00 00 00 00 00 00 00 00 00  |................|
0070: 00 00 00 00 00 00 00 00 00 00 00 00 00 00 00 00  |................|
- 包类型: 0x00 0x00
- 选项: 0x00 0x00
- 时间戳: 8847136630267889
- 负载大小: 4393
准备接收负载数据，大小: 4393
接收负载数据: ret=4393, readstart=0, 剩余=4393
时间戳信息: local=1738239540659120284 (1738239540.659121秒), remote=2059884516118999 (2059884.516119秒)
raop_rtp video: now = 1738239540.599939, ntp = 1738239540.659121, latency = -0.059181, ts = 2059884.516119, 00 00 00 00  h264
Looking for X11 UxPlay Window, attempt 2
GStreamer h264 bus message: decodebin0 state-changed
GStreamer h264 bus message: pipeline2 stream-start
GStreamer h264 bus message: autovideosink_h264-actual-sink-xvimage element
GStreamer h264 bus message: autovideosink_h264-actual-sink-xvimage element
GStreamer h264 bus message: autovideosink_h264-actual-sink-xvimage tag
GStreamer h264 bus message: autovideosink_h264-actual-sink-xvimage tag
GStreamer h264 bus message: autovideosink_h264-actual-sink-xvimage state-changed
GStreamer h264 bus message: autovideosink_h264 state-changed
GStreamer h264 bus message: pipeline2 async-done
GStreamer h264 bus message: autovideosink_h264-actual-sink-xvimage latency
GStreamer h264 bus message: autovideosink_h264-actual-sink-xvimage state-changed
GStreamer h264 bus message: autovideosink_h264 state-changed
GStreamer h264 bus message: avdec_h264-0 state-changed
GStreamer h264 bus message: capsfilter1 state-changed
GStreamer h264 bus message: h264parse1 state-changed
GStreamer h264 bus message: typefind state-changed
GStreamer h264 bus message: decodebin0 state-changed
GStreamer h264 bus message: pipeline2 state-changed
GStreamer h264 bus message: autovideosink_h264-actual-sink-xvimage qos
select返回: ret=1
准备接收数据包头...
接收包头: ret=128, readstart=0
包头接收完成，详细信息:
完整的包头十六进制转储:
0000: 25 0d 00 00 00 00 00 00 17 28 a9 8c 6c 6e 1f 00  |%........(..ln..|
0010: 00 00 00 00 00 00 00 00 00 00 00 00 00 00 00 00  |................|
0020: 00 00 00 00 00 00 00 00 00 00 00 00 00 00 00 00  |................|
0030: 00 00 00 00 00 00 00 00 00 00 00 00 00 00 00 00  |................|
0040: 00 00 00 00 00 00 00 00 00 00 00 00 00 00 00 00  |................|
0050: 00 00 00 00 00 00 00 00 00 00 00 00 00 00 00 00  |................|
0060: 00 00 00 00 00 00 00 00 00 00 00 00 00 00 00 00  |................|
0070: 00 00 00 00 00 00 00 00 00 00 00 00 00 00 00 00  |................|
- 包类型: 0x00 0x00
- 选项: 0x00 0x00
- 时间戳: 8847136773449751
- 负载大小: 3365
准备接收负载数据，大小: 3365
接收负载数据: ret=3365, readstart=0, 剩余=3365
时间戳信息: local=1738239540692457409 (1738239540.692458秒), remote=2059884549456124 (2059884.549456秒)
raop_rtp video: now = 1738239540.676584, ntp = 1738239540.692458, latency = -0.015874, ts = 2059884.549456, 00 00 00 00  h264
Looking for X11 UxPlay Window, attempt 3

*** X11 Windows: Use key F11 or (left Alt)+Enter to toggle full-screen mode

select返回: ret=1
准备接收数据包头...
接收包头: ret=128, readstart=0
包头接收完成，详细信息:
完整的包头十六进制转储:
0000: a5 0d 00 00 00 00 00 00 d7 ee 31 95 6c 6e 1f 00  |..........1.ln..|
0010: 00 00 00 00 00 00 00 00 00 00 00 00 00 00 00 00  |................|
0020: 00 00 00 00 00 00 00 00 00 00 00 00 00 00 00 00  |................|
0030: 00 00 00 00 00 00 00 00 00 00 00 00 00 00 00 00  |................|
0040: 00 00 00 00 00 00 00 00 00 00 00 00 00 00 00 00  |................|
0050: 00 00 00 00 00 00 00 00 00 00 00 00 00 00 00 00  |................|
0060: 00 00 00 00 00 00 00 00 00 00 00 00 00 00 00 00  |................|
0070: 00 00 00 00 00 00 00 00 00 00 00 00 00 00 00 00  |................|
- 包类型: 0x00 0x00
- 选项: 0x00 0x00
- 时间戳: 8847136916631255
- 负载大小: 3493
准备接收负载数据，大小: 3493
接收负载数据: ret=3493, readstart=0, 剩余=3493
时间戳信息: local=1738239540725794451 (1738239540.725795秒), remote=2059884582793166 (2059884.582793秒)
raop_rtp video: now = 1738239540.682462, ntp = 1738239540.725795, latency = -0.043332, ts = 2059884.582793, 00 00 00 00  h264
select返回: ret=1
准备接收数据包头...
接收包头: ret=128, readstart=0
包头接收完成，详细信息:
完整的包头十六进制转储:
0000: 98 16 00 00 00 00 00 00 49 b6 ba 9d 6c 6e 1f 00  |........I...ln..|
0010: 00 00 00 00 00 00 00 00 00 00 00 00 00 00 00 00  |................|
0020: 00 00 00 00 00 00 00 00 00 00 00 00 00 00 00 00  |................|
0030: 00 00 00 00 00 00 00 00 00 00 00 00 00 00 00 00  |................|
0040: 00 00 00 00 00 00 00 00 00 00 00 00 00 00 00 00  |................|
0050: 00 00 00 00 00 00 00 00 00 00 00 00 00 00 00 00  |................|
0060: 00 00 00 00 00 00 00 00 00 00 00 00 00 00 00 00  |................|
0070: 00 00 00 00 00 00 00 00 00 00 00 00 00 00 00 00  |................|
- 包类型: 0x00 0x00
- 选项: 0x00 0x00
- 时间戳: 8847137059812937
- 负载大小: 5784
准备接收负载数据，大小: 5784
接收负载数据: ret=5784, readstart=0, 剩余=5784
时间戳信息: local=1738239540759131534 (1738239540.759132秒), remote=2059884616130249 (2059884.616130秒)
raop_rtp video: now = 1738239540.682581, ntp = 1738239540.759132, latency = -0.076551, ts = 2059884.616130, 00 00 00 00  h264
select返回: ret=1
准备接收数据包头...
接收包头: ret=128, readstart=0
包头接收完成，详细信息:
完整的包头十六进制转储:
0000: 72 47 00 00 00 00 00 00 6f 7e 43 a6 6c 6e 1f 00  |rG......o~C.ln..|
0010: 00 00 00 00 00 00 00 00 00 00 00 00 00 00 00 00  |................|
0020: 00 00 00 00 00 00 00 00 00 00 00 00 00 00 00 00  |................|
0030: 00 00 00 00 00 00 00 00 00 00 00 00 00 00 00 00  |................|
0040: 00 00 00 00 00 00 00 00 00 00 00 00 00 00 00 00  |................|
0050: 00 00 00 00 00 00 00 00 00 00 00 00 00 00 00 00  |................|
0060: 00 00 00 00 00 00 00 00 00 00 00 00 00 00 00 00  |................|
0070: 00 00 00 00 00 00 00 00 00 00 00 00 00 00 00 00  |................|
- 包类型: 0x00 0x00
- 选项: 0x00 0x00
- 时间戳: 8847137202994799
- 负载大小: 18290
准备接收负载数据，大小: 18290
接收负载数据: ret=14352, readstart=0, 剩余=18290
接收负载数据: ret=-1, readstart=14352, 剩余=3938
select返回: ret=1
准备接收数据包头...
接收负载数据: ret=3938, readstart=14352, 剩余=3938
时间戳信息: local=1738239540792468659 (1738239540.792469秒), remote=2059884649467374 (2059884.649467秒)
raop_rtp video: now = 1738239540.784344, ntp = 1738239540.792469, latency = -0.008125, ts = 2059884.649467, 00 00 00 00  h264
select返回: ret=1
准备接收数据包头...
接收包头: ret=128, readstart=0
包头接收完成，详细信息:
完整的包头十六进制转储:
0000: 44 12 00 00 00 00 00 00 2f 45 cc ae 6c 6e 1f 00  |D......./E..ln..|
0010: 00 00 00 00 00 00 00 00 00 00 00 00 00 00 00 00  |................|
0020: 00 00 00 00 00 00 00 00 00 00 00 00 00 00 00 00  |................|
0030: 00 00 00 00 00 00 00 00 00 00 00 00 00 00 00 00  |................|
0040: 00 00 00 00 00 00 00 00 00 00 00 00 00 00 00 00  |................|
0050: 00 00 00 00 00 00 00 00 00 00 00 00 00 00 00 00  |................|
0060: 00 00 00 00 00 00 00 00 00 00 00 00 00 00 00 00  |................|
0070: 00 00 00 00 00 00 00 00 00 00 00 00 00 00 00 00  |................|
- 包类型: 0x00 0x00
- 选项: 0x00 0x00
- 时间戳: 8847137346176303
- 负载大小: 4676
准备接收负载数据，大小: 4676
接收负载数据: ret=4676, readstart=0, 剩余=4676
时间戳信息: local=1738239540825805701 (1738239540.825806秒), remote=2059884682804416 (2059884.682804秒)
raop_rtp video: now = 1738239540.784472, ntp = 1738239540.825806, latency = -0.041334, ts = 2059884.682804, 00 00 00 00  h264
select返回: ret=1
准备接收数据包头...
接收包头: ret=128, readstart=0
包头接收完成，详细信息:
完整的包头十六进制转储:
0000: ec 05 00 00 00 00 00 00 a1 0c 55 b7 6c 6e 1f 00  |..........U.ln..|
0010: 00 00 00 00 00 00 00 00 00 00 00 00 00 00 00 00  |................|
0020: 00 00 00 00 00 00 00 00 00 00 00 00 00 00 00 00  |................|
0030: 00 00 00 00 00 00 00 00 00 00 00 00 00 00 00 00  |................|
0040: 00 00 00 00 00 00 00 00 00 00 00 00 00 00 00 00  |................|
0050: 00 00 00 00 00 00 00 00 00 00 00 00 00 00 00 00  |................|
0060: 00 00 00 00 00 00 00 00 00 00 00 00 00 00 00 00  |................|
0070: 00 00 00 00 00 00 00 00 00 00 00 00 00 00 00 00  |................|
- 包类型: 0x00 0x00
- 选项: 0x00 0x00
- 时间戳: 8847137489357985
- 负载大小: 1516
准备接收负载数据，大小: 1516
接收负载数据: ret=1320, readstart=0, 剩余=1516
接收负载数据: ret=-1, readstart=1320, 剩余=196
select返回: ret=1
准备接收数据包头...
接收负载数据: ret=196, readstart=1320, 剩余=196
时间戳信息: local=1738239540859142784 (1738239540.859143秒), remote=2059884716141499 (2059884.716141秒)
raop_rtp video: now = 1738239540.794666, ntp = 1738239540.859143, latency = -0.064477, ts = 2059884.716141, 00 00 00 00  h264
select返回: ret=1
准备接收数据包头...
接收包头: ret=128, readstart=0
包头接收完成，详细信息:
完整的包头十六进制转储:
0000: 5a 02 00 00 00 00 00 00 c7 d4 dd bf 6c 6e 1f 00  |Z...........ln..|
0010: 00 00 00 00 00 00 00 00 00 00 00 00 00 00 00 00  |................|
0020: 00 00 00 00 00 00 00 00 00 00 00 00 00 00 00 00  |................|
0030: 00 00 00 00 00 00 00 00 00 00 00 00 00 00 00 00  |................|
0040: 00 00 00 00 00 00 00 00 00 00 00 00 00 00 00 00  |................|
0050: 00 00 00 00 00 00 00 00 00 00 00 00 00 00 00 00  |................|
0060: 00 00 00 00 00 00 00 00 00 00 00 00 00 00 00 00  |................|
0070: 00 00 00 00 00 00 00 00 00 00 00 00 00 00 00 00  |................|
- 包类型: 0x00 0x00
- 选项: 0x00 0x00
- 时间戳: 8847137632539847
- 负载大小: 602
准备接收负载数据，大小: 602
接收负载数据: ret=602, readstart=0, 剩余=602
时间戳信息: local=1738239540892479909 (1738239540.892480秒), remote=2059884749478624 (2059884.749479秒)
raop_rtp video: now = 1738239540.985382, ntp = 1738239540.892480, latency = 0.092901, ts = 2059884.749479, 00 00 00 00  h264
select返回: ret=1
准备接收数据包头...
接收包头: ret=128, readstart=0
包头接收完成，详细信息:
完整的包头十六进制转储:
0000: 6b 01 00 00 00 00 00 00 87 9b 66 c8 6c 6e 1f 00  |k.........f.ln..|
0010: 00 00 00 00 00 00 00 00 00 00 00 00 00 00 00 00  |................|
0020: 00 00 00 00 00 00 00 00 00 00 00 00 00 00 00 00  |................|
0030: 00 00 00 00 00 00 00 00 00 00 00 00 00 00 00 00  |................|
0040: 00 00 00 00 00 00 00 00 00 00 00 00 00 00 00 00  |................|
0050: 00 00 00 00 00 00 00 00 00 00 00 00 00 00 00 00  |................|
0060: 00 00 00 00 00 00 00 00 00 00 00 00 00 00 00 00  |................|
0070: 00 00 00 00 00 00 00 00 00 00 00 00 00 00 00 00  |................|
- 包类型: 0x00 0x00
- 选项: 0x00 0x00
- 时间戳: 8847137775721351
- 负载大小: 363
准备接收负载数据，大小: 363
接收负载数据: ret=363, readstart=0, 剩余=363
时间戳信息: local=1738239540925816951 (1738239540.925817秒), remote=2059884782815666 (2059884.782816秒)
raop_rtp video: now = 1738239540.985637, ntp = 1738239540.925817, latency = 0.059820, ts = 2059884.782816, 00 00 00 00  h264
select返回: ret=1
准备接收数据包头...
接收包头: ret=128, readstart=0
包头接收完成，详细信息:
完整的包头十六进制转储:
0000: 0f 01 00 00 00 00 00 00 f9 62 ef d0 6c 6e 1f 00  |.........b..ln..|
0010: 00 00 00 00 00 00 00 00 00 00 00 00 00 00 00 00  |................|
0020: 00 00 00 00 00 00 00 00 00 00 00 00 00 00 00 00  |................|
0030: 00 00 00 00 00 00 00 00 00 00 00 00 00 00 00 00  |................|
0040: 00 00 00 00 00 00 00 00 00 00 00 00 00 00 00 00  |................|
0050: 00 00 00 00 00 00 00 00 00 00 00 00 00 00 00 00  |................|
0060: 00 00 00 00 00 00 00 00 00 00 00 00 00 00 00 00  |................|
0070: 00 00 00 00 00 00 00 00 00 00 00 00 00 00 00 00  |................|
- 包类型: 0x00 0x00
- 选项: 0x00 0x00
- 时间戳: 8847137918903033
- 负载大小: 271
准备接收负载数据，大小: 271
接收负载数据: ret=271, readstart=0, 剩余=271
时间戳信息: local=1738239540959154034 (1738239540.959154秒), remote=2059884816152749 (2059884.816153秒)
raop_rtp video: now = 1738239540.985717, ntp = 1738239540.959154, latency = 0.026563, ts = 2059884.816153, 00 00 00 00  h264
select返回: ret=1
准备接收数据包头...
接收包头: ret=128, readstart=0
包头接收完成，详细信息:
完整的包头十六进制转储:
0000: fa 00 00 00 00 00 00 00 1f 2b 78 d9 6c 6e 1f 00  |.........+x.ln..|
0010: 00 00 00 00 00 00 00 00 00 00 00 00 00 00 00 00  |................|
0020: 00 00 00 00 00 00 00 00 00 00 00 00 00 00 00 00  |................|
0030: 00 00 00 00 00 00 00 00 00 00 00 00 00 00 00 00  |................|
0040: 00 00 00 00 00 00 00 00 00 00 00 00 00 00 00 00  |................|
0050: 00 00 00 00 00 00 00 00 00 00 00 00 00 00 00 00  |................|
0060: 00 00 00 00 00 00 00 00 00 00 00 00 00 00 00 00  |................|
0070: 00 00 00 00 00 00 00 00 00 00 00 00 00 00 00 00  |................|
- 包类型: 0x00 0x00
- 选项: 0x00 0x00
- 时间戳: 8847138062084895
- 负载大小: 250
准备接收负载数据，大小: 250
接收负载数据: ret=250, readstart=0, 剩余=250
时间戳信息: local=1738239540992491159 (1738239540.992491秒), remote=2059884849489874 (2059884.849490秒)
raop_rtp video: now = 1738239540.985823, ntp = 1738239540.992491, latency = -0.006668, ts = 2059884.849490, 00 00 00 00  h264
select返回: ret=1
准备接收数据包头...
接收包头: ret=128, readstart=0
包头接收完成，详细信息:
完整的包头十六进制转储:
0000: f9 00 00 00 00 00 00 00 df f1 00 e2 6c 6e 1f 00  |............ln..|
0010: 00 00 00 00 00 00 00 00 00 00 00 00 00 00 00 00  |................|
0020: 00 00 00 00 00 00 00 00 00 00 00 00 00 00 00 00  |................|
0030: 00 00 00 00 00 00 00 00 00 00 00 00 00 00 00 00  |................|
0040: 00 00 00 00 00 00 00 00 00 00 00 00 00 00 00 00  |................|
0050: 00 00 00 00 00 00 00 00 00 00 00 00 00 00 00 00  |................|
0060: 00 00 00 00 00 00 00 00 00 00 00 00 00 00 00 00  |................|
0070: 00 00 00 00 00 00 00 00 00 00 00 00 00 00 00 00  |................|
- 包类型: 0x00 0x00
- 选项: 0x00 0x00
- 时间戳: 8847138205266399
- 负载大小: 249
准备接收负载数据，大小: 249
接收负载数据: ret=249, readstart=0, 剩余=249
时间戳信息: local=1738239541025828201 (1738239541.025828秒), remote=2059884882826916 (2059884.882827秒)
raop_rtp video: now = 1738239540.985942, ntp = 1738239541.025828, latency = -0.039887, ts = 2059884.882827, 00 00 00 00  h264
select返回: ret=1
准备接收数据包头...
接收包头: ret=128, readstart=0
包头接收完成，详细信息:
完整的包头十六进制转储:
0000: 0b 01 00 00 00 00 00 00 51 b9 89 ea 6c 6e 1f 00  |........Q...ln..|
0010: 00 00 00 00 00 00 00 00 00 00 00 00 00 00 00 00  |................|
0020: 00 00 00 00 00 00 00 00 00 00 00 00 00 00 00 00  |................|
0030: 00 00 00 00 00 00 00 00 00 00 00 00 00 00 00 00  |................|
0040: 00 00 00 00 00 00 00 00 00 00 00 00 00 00 00 00  |................|
0050: 00 00 00 00 00 00 00 00 00 00 00 00 00 00 00 00  |................|
0060: 00 00 00 00 00 00 00 00 00 00 00 00 00 00 00 00  |................|
0070: 00 00 00 00 00 00 00 00 00 00 00 00 00 00 00 00  |................|
- 包类型: 0x00 0x00
- 选项: 0x00 0x00
- 时间戳: 8847138348448081
- 负载大小: 267
准备接收负载数据，大小: 267
接收负载数据: ret=267, readstart=0, 剩余=267
时间戳信息: local=1738239541059165284 (1738239541.059165秒), remote=2059884916163999 (2059884.916164秒)
raop_rtp video: now = 1738239540.986049, ntp = 1738239541.059165, latency = -0.073116, ts = 2059884.916164, 00 00 00 00  h264
select返回: ret=1
准备接收数据包头...
接收包头: ret=128, readstart=0
包头接收完成，详细信息:
完整的包头十六进制转储:
0000: f9 00 00 00 00 00 00 00 77 81 12 f3 6c 6e 1f 00  |........w...ln..|
0010: 00 00 00 00 00 00 00 00 00 00 00 00 00 00 00 00  |................|
0020: 00 00 00 00 00 00 00 00 00 00 00 00 00 00 00 00  |................|
0030: 00 00 00 00 00 00 00 00 00 00 00 00 00 00 00 00  |................|
0040: 00 00 00 00 00 00 00 00 00 00 00 00 00 00 00 00  |................|
0050: 00 00 00 00 00 00 00 00 00 00 00 00 00 00 00 00  |................|
0060: 00 00 00 00 00 00 00 00 00 00 00 00 00 00 00 00  |................|
0070: 00 00 00 00 00 00 00 00 00 00 00 00 00 00 00 00  |................|
- 包类型: 0x00 0x00
- 选项: 0x00 0x00
- 时间戳: 8847138491629943
- 负载大小: 249
准备接收负载数据，大小: 249
接收负载数据: ret=249, readstart=0, 剩余=249
时间戳信息: local=1738239541092502409 (1738239541.092503秒), remote=2059884949501124 (2059884.949501秒)
raop_rtp video: now = 1738239540.999642, ntp = 1738239541.092503, latency = -0.092860, ts = 2059884.949501, 00 00 00 00  h264
select返回: ret=1
准备接收数据包头...
接收包头: ret=128, readstart=0
包头接收完成，详细信息:
完整的包头十六进制转储:
0000: fa 00 00 00 00 00 00 00 37 48 9b fb 6c 6e 1f 00  |........7H..ln..|
0010: 00 00 00 00 00 00 00 00 00 00 00 00 00 00 00 00  |................|
0020: 00 00 00 00 00 00 00 00 00 00 00 00 00 00 00 00  |................|
0030: 00 00 00 00 00 00 00 00 00 00 00 00 00 00 00 00  |................|
0040: 00 00 00 00 00 00 00 00 00 00 00 00 00 00 00 00  |................|
0050: 00 00 00 00 00 00 00 00 00 00 00 00 00 00 00 00  |................|
0060: 00 00 00 00 00 00 00 00 00 00 00 00 00 00 00 00  |................|
0070: 00 00 00 00 00 00 00 00 00 00 00 00 00 00 00 00  |................|
- 包类型: 0x00 0x00
- 选项: 0x00 0x00
- 时间戳: 8847138634811447
- 负载大小: 250
准备接收负载数据，大小: 250
接收负载数据: ret=250, readstart=0, 剩余=250
时间戳信息: local=1738239541125839451 (1738239541.125839秒), remote=2059884982838166 (2059884.982838秒)
raop_rtp video: now = 1738239541.082170, ntp = 1738239541.125839, latency = -0.043669, ts = 2059884.982838, 00 00 00 00  h264
select返回: ret=1
准备接收数据包头...
接收包头: ret=128, readstart=0
包头接收完成，详细信息:
完整的包头十六进制转储:
0000: f7 00 00 00 00 00 00 00 a9 0f 24 04 6d 6e 1f 00  |..........$.mn..|
0010: 00 00 00 00 00 00 00 00 00 00 00 00 00 00 00 00  |................|
0020: 00 00 00 00 00 00 00 00 00 00 00 00 00 00 00 00  |................|
0030: 00 00 00 00 00 00 00 00 00 00 00 00 00 00 00 00  |................|
0040: 00 00 00 00 00 00 00 00 00 00 00 00 00 00 00 00  |................|
0050: 00 00 00 00 00 00 00 00 00 00 00 00 00 00 00 00  |................|
0060: 00 00 00 00 00 00 00 00 00 00 00 00 00 00 00 00  |................|
0070: 00 00 00 00 00 00 00 00 00 00 00 00 00 00 00 00  |................|
- 包类型: 0x00 0x00
- 选项: 0x00 0x00
- 时间戳: 8847138777993129
- 负载大小: 247
准备接收负载数据，大小: 247
接收负载数据: ret=247, readstart=0, 剩余=247
时间戳信息: local=1738239541159176534 (1738239541.159177秒), remote=2059885016175249 (2059885.016175秒)
raop_rtp video: now = 1738239541.082385, ntp = 1738239541.159177, latency = -0.076792, ts = 2059885.016175, 00 00 00 00  h264
select返回: ret=1
准备接收数据包头...
接收包头: ret=128, readstart=0
包头接收完成，详细信息:
完整的包头十六进制转储:
0000: fa 00 00 00 00 00 00 00 cf d7 ac 0c 6d 6e 1f 00  |............mn..|
0010: 00 00 00 00 00 00 00 00 00 00 00 00 00 00 00 00  |................|
0020: 00 00 00 00 00 00 00 00 00 00 00 00 00 00 00 00  |................|
0030: 00 00 00 00 00 00 00 00 00 00 00 00 00 00 00 00  |................|
0040: 00 00 00 00 00 00 00 00 00 00 00 00 00 00 00 00  |................|
0050: 00 00 00 00 00 00 00 00 00 00 00 00 00 00 00 00  |................|
0060: 00 00 00 00 00 00 00 00 00 00 00 00 00 00 00 00  |................|
0070: 00 00 00 00 00 00 00 00 00 00 00 00 00 00 00 00  |................|
- 包类型: 0x00 0x00
- 选项: 0x00 0x00
- 时间戳: 8847138921174991
- 负载大小: 250
准备接收负载数据，大小: 250
接收负载数据: ret=250, readstart=0, 剩余=250
时间戳信息: local=1738239541192513659 (1738239541.192514秒), remote=2059885049512374 (2059885.049512秒)
raop_rtp video: now = 1738239541.099169, ntp = 1738239541.192514, latency = -0.093345, ts = 2059885.049512, 00 00 00 00  h264
select返回: ret=1
准备接收数据包头...
接收包头: ret=128, readstart=0
包头接收完成，详细信息:
完整的包头十六进制转储:
0000: f7 00 00 00 00 00 00 00 8f 9e 35 15 6d 6e 1f 00  |..........5.mn..|
0010: 00 00 00 00 00 00 00 00 00 00 00 00 00 00 00 00  |................|
0020: 00 00 00 00 00 00 00 00 00 00 00 00 00 00 00 00  |................|
0030: 00 00 00 00 00 00 00 00 00 00 00 00 00 00 00 00  |................|
0040: 00 00 00 00 00 00 00 00 00 00 00 00 00 00 00 00  |................|
0050: 00 00 00 00 00 00 00 00 00 00 00 00 00 00 00 00  |................|
0060: 00 00 00 00 00 00 00 00 00 00 00 00 00 00 00 00  |................|
0070: 00 00 00 00 00 00 00 00 00 00 00 00 00 00 00 00  |................|
- 包类型: 0x00 0x00
- 选项: 0x00 0x00
- 时间戳: 8847139064356495
- 负载大小: 247
准备接收负载数据，大小: 247
接收负载数据: ret=247, readstart=0, 剩余=247
时间戳信息: local=1738239541225850701 (1738239541.225851秒), remote=2059885082849416 (2059885.082849秒)
raop_rtp video: now = 1738239541.183658, ntp = 1738239541.225851, latency = -0.042193, ts = 2059885.082849, 00 00 00 00  h264
select返回: ret=1
准备接收数据包头...
接收包头: ret=128, readstart=0
包头接收完成，详细信息:
完整的包头十六进制转储:
0000: fa 00 00 00 00 00 00 00 01 66 be 1d 6d 6e 1f 00  |.........f..mn..|
0010: 00 00 00 00 00 00 00 00 00 00 00 00 00 00 00 00  |................|
0020: 00 00 00 00 00 00 00 00 00 00 00 00 00 00 00 00  |................|
0030: 00 00 00 00 00 00 00 00 00 00 00 00 00 00 00 00  |................|
0040: 00 00 00 00 00 00 00 00 00 00 00 00 00 00 00 00  |................|
0050: 00 00 00 00 00 00 00 00 00 00 00 00 00 00 00 00  |................|
0060: 00 00 00 00 00 00 00 00 00 00 00 00 00 00 00 00  |................|
0070: 00 00 00 00 00 00 00 00 00 00 00 00 00 00 00 00  |................|
- 包类型: 0x00 0x00
- 选项: 0x00 0x00
- 时间戳: 8847139207538177
- 负载大小: 250
准备接收负载数据，大小: 250
接收负载数据: ret=250, readstart=0, 剩余=250
时间戳信息: local=1738239541259187784 (1738239541.259188秒), remote=2059885116186499 (2059885.116186秒)
raop_rtp video: now = 1738239541.183825, ntp = 1738239541.259188, latency = -0.075363, ts = 2059885.116186, 00 00 00 00  h264
select返回: ret=1
准备接收数据包头...
接收包头: ret=128, readstart=0
包头接收完成，详细信息:
完整的包头十六进制转储:
0000: f7 00 00 00 00 00 00 00 27 2e 47 26 6d 6e 1f 00  |........'.G&mn..|
0010: 00 00 00 00 00 00 00 00 00 00 00 00 00 00 00 00  |................|
0020: 00 00 00 00 00 00 00 00 00 00 00 00 00 00 00 00  |................|
0030: 00 00 00 00 00 00 00 00 00 00 00 00 00 00 00 00  |................|
0040: 00 00 00 00 00 00 00 00 00 00 00 00 00 00 00 00  |................|
0050: 00 00 00 00 00 00 00 00 00 00 00 00 00 00 00 00  |................|
0060: 00 00 00 00 00 00 00 00 00 00 00 00 00 00 00 00  |................|
0070: 00 00 00 00 00 00 00 00 00 00 00 00 00 00 00 00  |................|
- 包类型: 0x00 0x00
- 选项: 0x00 0x00
- 时间戳: 8847139350720039
- 负载大小: 247
准备接收负载数据，大小: 247
接收负载数据: ret=247, readstart=0, 剩余=247
时间戳信息: local=1738239541292524909 (1738239541.292525秒), remote=2059885149523624 (2059885.149524秒)
raop_rtp video: now = 1738239541.198643, ntp = 1738239541.292525, latency = -0.093882, ts = 2059885.149524, 00 00 00 00  h264
select返回: ret=1
准备接收数据包头...
接收包头: ret=128, readstart=0
包头接收完成，详细信息:
完整的包头十六进制转储:
0000: fa 00 00 00 00 00 00 00 e7 f4 cf 2e 6d 6e 1f 00  |............mn..|
0010: 00 00 00 00 00 00 00 00 00 00 00 00 00 00 00 00  |................|
0020: 00 00 00 00 00 00 00 00 00 00 00 00 00 00 00 00  |................|
0030: 00 00 00 00 00 00 00 00 00 00 00 00 00 00 00 00  |................|
0040: 00 00 00 00 00 00 00 00 00 00 00 00 00 00 00 00  |................|
0050: 00 00 00 00 00 00 00 00 00 00 00 00 00 00 00 00  |................|
0060: 00 00 00 00 00 00 00 00 00 00 00 00 00 00 00 00  |................|
0070: 00 00 00 00 00 00 00 00 00 00 00 00 00 00 00 00  |................|
- 包类型: 0x00 0x00
- 选项: 0x00 0x00
- 时间戳: 8847139493901543
- 负载大小: 250
准备接收负载数据，大小: 250
接收负载数据: ret=250, readstart=0, 剩余=250
时间戳信息: local=1738239541325861951 (1738239541.325862秒), remote=2059885182860666 (2059885.182861秒)
raop_rtp video: now = 1738239541.286017, ntp = 1738239541.325862, latency = -0.039845, ts = 2059885.182861, 00 00 00 00  h264
select返回: ret=1
准备接收数据包头...
接收包头: ret=128, readstart=0
包头接收完成，详细信息:
完整的包头十六进制转储:
0000: f7 00 00 00 00 00 00 00 59 bc 58 37 6d 6e 1f 00  |........Y.X7mn..|
0010: 00 00 00 00 00 00 00 00 00 00 00 00 00 00 00 00  |................|
0020: 00 00 00 00 00 00 00 00 00 00 00 00 00 00 00 00  |................|
0030: 00 00 00 00 00 00 00 00 00 00 00 00 00 00 00 00  |................|
0040: 00 00 00 00 00 00 00 00 00 00 00 00 00 00 00 00  |................|
0050: 00 00 00 00 00 00 00 00 00 00 00 00 00 00 00 00  |................|
0060: 00 00 00 00 00 00 00 00 00 00 00 00 00 00 00 00  |................|
0070: 00 00 00 00 00 00 00 00 00 00 00 00 00 00 00 00  |................|
- 包类型: 0x00 0x00
- 选项: 0x00 0x00
- 时间戳: 8847139637083225
- 负载大小: 247
准备接收负载数据，大小: 247
接收负载数据: ret=247, readstart=0, 剩余=247
时间戳信息: local=1738239541359199034 (1738239541.359199秒), remote=2059885216197749 (2059885.216198秒)
raop_rtp video: now = 1738239541.286208, ntp = 1738239541.359199, latency = -0.072991, ts = 2059885.216198, 00 00 00 00  h264
select返回: ret=1
准备接收数据包头...
接收包头: ret=128, readstart=0
包头接收完成，详细信息:
完整的包头十六进制转储:
0000: fa 00 00 00 00 00 00 00 7f 84 e1 3f 6d 6e 1f 00  |...........?mn..|
0010: 00 00 00 00 00 00 00 00 00 00 00 00 00 00 00 00  |................|
0020: 00 00 00 00 00 00 00 00 00 00 00 00 00 00 00 00  |................|
0030: 00 00 00 00 00 00 00 00 00 00 00 00 00 00 00 00  |................|
0040: 00 00 00 00 00 00 00 00 00 00 00 00 00 00 00 00  |................|
0050: 00 00 00 00 00 00 00 00 00 00 00 00 00 00 00 00  |................|
0060: 00 00 00 00 00 00 00 00 00 00 00 00 00 00 00 00  |................|
0070: 00 00 00 00 00 00 00 00 00 00 00 00 00 00 00 00  |................|
- 包类型: 0x00 0x00
- 选项: 0x00 0x00
- 时间戳: 8847139780265087
- 负载大小: 250
准备接收负载数据，大小: 250
接收负载数据: ret=250, readstart=0, 剩余=250
时间戳信息: local=1738239541392536159 (1738239541.392536秒), remote=2059885249534874 (2059885.249535秒)
raop_rtp video: now = 1738239541.299627, ntp = 1738239541.392536, latency = -0.092910, ts = 2059885.249535, 00 00 00 00  h264
select返回: ret=1
准备接收数据包头...
接收包头: ret=128, readstart=0
包头接收完成，详细信息:
完整的包头十六进制转储:
0000: f7 00 00 00 00 00 00 00 3f 4b 6a 48 6d 6e 1f 00  |........?KjHmn..|
0010: 00 00 00 00 00 00 00 00 00 00 00 00 00 00 00 00  |................|
0020: 00 00 00 00 00 00 00 00 00 00 00 00 00 00 00 00  |................|
0030: 00 00 00 00 00 00 00 00 00 00 00 00 00 00 00 00  |................|
0040: 00 00 00 00 00 00 00 00 00 00 00 00 00 00 00 00  |................|
0050: 00 00 00 00 00 00 00 00 00 00 00 00 00 00 00 00  |................|
0060: 00 00 00 00 00 00 00 00 00 00 00 00 00 00 00 00  |................|
0070: 00 00 00 00 00 00 00 00 00 00 00 00 00 00 00 00  |................|
- 包类型: 0x00 0x00
- 选项: 0x00 0x00
- 时间戳: 8847139923446591
- 负载大小: 247
准备接收负载数据，大小: 247
接收负载数据: ret=247, readstart=0, 剩余=247
时间戳信息: local=1738239541425873201 (1738239541.425873秒), remote=2059885282871916 (2059885.282872秒)
raop_rtp video: now = 1738239541.390297, ntp = 1738239541.425873, latency = -0.035577, ts = 2059885.282872, 00 00 00 00  h264
select返回: ret=1
准备接收数据包头...
接收包头: ret=128, readstart=0
包头接收完成，详细信息:
完整的包头十六进制转储:
0000: fa 00 00 00 00 00 00 00 b1 12 f3 50 6d 6e 1f 00  |...........Pmn..|
0010: 00 00 00 00 00 00 00 00 00 00 00 00 00 00 00 00  |................|
0020: 00 00 00 00 00 00 00 00 00 00 00 00 00 00 00 00  |................|
0030: 00 00 00 00 00 00 00 00 00 00 00 00 00 00 00 00  |................|
0040: 00 00 00 00 00 00 00 00 00 00 00 00 00 00 00 00  |................|
0050: 00 00 00 00 00 00 00 00 00 00 00 00 00 00 00 00  |................|
0060: 00 00 00 00 00 00 00 00 00 00 00 00 00 00 00 00  |................|
0070: 00 00 00 00 00 00 00 00 00 00 00 00 00 00 00 00  |................|
- 包类型: 0x00 0x00
- 选项: 0x00 0x00
- 时间戳: 8847140066628273
- 负载大小: 250
准备接收负载数据，大小: 250
接收负载数据: ret=250, readstart=0, 剩余=250
时间戳信息: local=1738239541459210284 (1738239541.459210秒), remote=2059885316208999 (2059885.316209秒)
raop_rtp video: now = 1738239541.390516, ntp = 1738239541.459210, latency = -0.068694, ts = 2059885.316209, 00 00 00 00  h264
select返回: ret=1
准备接收数据包头...
接收包头: ret=128, readstart=0
包头接收完成，详细信息:
完整的包头十六进制转储:
0000: f7 00 00 00 00 00 00 00 d7 da 7b 59 6d 6e 1f 00  |..........{Ymn..|
0010: 00 00 00 00 00 00 00 00 00 00 00 00 00 00 00 00  |................|
0020: 00 00 00 00 00 00 00 00 00 00 00 00 00 00 00 00  |................|
0030: 00 00 00 00 00 00 00 00 00 00 00 00 00 00 00 00  |................|
0040: 00 00 00 00 00 00 00 00 00 00 00 00 00 00 00 00  |................|
0050: 00 00 00 00 00 00 00 00 00 00 00 00 00 00 00 00  |................|
0060: 00 00 00 00 00 00 00 00 00 00 00 00 00 00 00 00  |................|
0070: 00 00 00 00 00 00 00 00 00 00 00 00 00 00 00 00  |................|
- 包类型: 0x00 0x00
- 选项: 0x00 0x00
- 时间戳: 8847140209810135
- 负载大小: 247
准备接收负载数据，大小: 247
接收负载数据: ret=247, readstart=0, 剩余=247
时间戳信息: local=1738239541492547409 (1738239541.492548秒), remote=2059885349546124 (2059885.349546秒)
raop_rtp video: now = 1738239541.401782, ntp = 1738239541.492548, latency = -0.090765, ts = 2059885.349546, 00 00 00 00  h264
select返回: ret=1
准备接收数据包头...
接收包头: ret=128, readstart=0
包头接收完成，详细信息:
完整的包头十六进制转储:
0000: 0a 01 00 00 00 00 00 00 97 a1 04 62 6d 6e 1f 00  |...........bmn..|
0010: 00 00 00 00 00 00 00 00 00 00 00 00 00 00 00 00  |................|
0020: 00 00 00 00 00 00 00 00 00 00 00 00 00 00 00 00  |................|
0030: 00 00 00 00 00 00 00 00 00 00 00 00 00 00 00 00  |................|
0040: 00 00 00 00 00 00 00 00 00 00 00 00 00 00 00 00  |................|
0050: 00 00 00 00 00 00 00 00 00 00 00 00 00 00 00 00  |................|
0060: 00 00 00 00 00 00 00 00 00 00 00 00 00 00 00 00  |................|
0070: 00 00 00 00 00 00 00 00 00 00 00 00 00 00 00 00  |................|
- 包类型: 0x00 0x00
- 选项: 0x00 0x00
- 时间戳: 8847140352991639
- 负载大小: 266
准备接收负载数据，大小: 266
接收负载数据: ret=266, readstart=0, 剩余=266
时间戳信息: local=1738239541525884451 (1738239541.525885秒), remote=2059885382883166 (2059885.382883秒)
raop_rtp video: now = 1738239541.507104, ntp = 1738239541.525885, latency = -0.018780, ts = 2059885.382883, 00 00 00 00  h264
select返回: ret=1
准备接收数据包头...
接收包头: ret=128, readstart=0
包头接收完成，详细信息:
完整的包头十六进制转储:
0000: f7 00 00 00 00 00 00 00 09 69 8d 6a 6d 6e 1f 00  |.........i.jmn..|
0010: 00 00 00 00 00 00 00 00 00 00 00 00 00 00 00 00  |................|
0020: 00 00 00 00 00 00 00 00 00 00 00 00 00 00 00 00  |................|
0030: 00 00 00 00 00 00 00 00 00 00 00 00 00 00 00 00  |................|
0040: 00 00 00 00 00 00 00 00 00 00 00 00 00 00 00 00  |................|
0050: 00 00 00 00 00 00 00 00 00 00 00 00 00 00 00 00  |................|
0060: 00 00 00 00 00 00 00 00 00 00 00 00 00 00 00 00  |................|
0070: 00 00 00 00 00 00 00 00 00 00 00 00 00 00 00 00  |................|
- 包类型: 0x00 0x00
- 选项: 0x00 0x00
- 时间戳: 8847140496173321
- 负载大小: 247
准备接收负载数据，大小: 247
接收负载数据: ret=247, readstart=0, 剩余=247
时间戳信息: local=1738239541559221534 (1738239541.559222秒), remote=2059885416220249 (2059885.416220秒)
raop_rtp video: now = 1738239541.507349, ntp = 1738239541.559222, latency = -0.051872, ts = 2059885.416220, 00 00 00 00  h264
select返回: ret=1
准备接收数据包头...
接收包头: ret=128, readstart=0
包头接收完成，详细信息:
完整的包头十六进制转储:
0000: c2 00 00 00 05 00 00 00 00 00 00 00 00 00 00 00  |................|
0010: 00 00 00 00 00 00 00 00 00 00 00 00 00 00 00 00  |................|
0020: 00 00 00 00 00 00 00 00 00 00 00 00 00 00 00 00  |................|
0030: 00 00 00 00 00 00 00 00 00 00 00 00 00 00 00 00  |................|
0040: 00 00 00 00 00 00 00 00 00 00 00 00 00 00 00 00  |................|
0050: 00 00 00 00 00 00 00 00 00 00 00 00 00 00 00 00  |................|
0060: 00 00 00 00 00 00 00 00 00 00 00 00 00 00 00 00  |................|
0070: 00 00 00 00 00 00 00 00 00 00 00 00 00 00 42 43  |..............BC|
- 包类型: 0x05 0x00
- 选项: 0x00 0x00
- 时间戳: 0
- 负载大小: 194
准备接收负载数据，大小: 194
接收负载数据: ret=194, readstart=0, 剩余=194

Received video streaming performance info packet from client: payload_size 194 header 05 00 00 00  ts_raw = 0
select返回: ret=1
准备接收数据包头...
接收包头: ret=128, readstart=0
包头接收完成，详细信息:
完整的包头十六进制转储:
0000: fa 00 00 00 00 00 00 00 2f 31 16 73 6d 6e 1f 00  |......../1.smn..|
0010: 00 00 00 00 00 00 00 00 00 00 00 00 00 00 00 00  |................|
0020: 00 00 00 00 00 00 00 00 00 00 00 00 00 00 00 00  |................|
0030: 00 00 00 00 00 00 00 00 00 00 00 00 00 00 00 00  |................|
0040: 00 00 00 00 00 00 00 00 00 00 00 00 00 00 00 00  |................|
0050: 00 00 00 00 00 00 00 00 00 00 00 00 00 00 00 00  |................|
0060: 00 00 00 00 00 00 00 00 00 00 00 00 00 00 00 00  |................|
0070: 00 00 00 00 00 00 00 00 00 00 00 00 00 00 00 00  |................|
- 包类型: 0x00 0x00
- 选项: 0x00 0x00
- 时间戳: 8847140639355183
- 负载大小: 250
准备接收负载数据，大小: 250
接收负载数据: ret=250, readstart=0, 剩余=250
时间戳信息: local=1738239541592558659 (1738239541.592559秒), remote=2059885449557374 (2059885.449557秒)
raop_rtp video: now = 1738239541.507637, ntp = 1738239541.592559, latency = -0.084922, ts = 2059885.449557, 00 00 00 00  h264
select返回: ret=1
准备接收数据包头...
接收包头: ret=128, readstart=0
包头接收完成，详细信息:
完整的包头十六进制转储:
0000: f9 00 00 00 00 00 00 00 ef f7 9e 7b 6d 6e 1f 00  |...........{mn..|
0010: 00 00 00 00 00 00 00 00 00 00 00 00 00 00 00 00  |................|
0020: 00 00 00 00 00 00 00 00 00 00 00 00 00 00 00 00  |................|
0030: 00 00 00 00 00 00 00 00 00 00 00 00 00 00 00 00  |................|
0040: 00 00 00 00 00 00 00 00 00 00 00 00 00 00 00 00  |................|
0050: 00 00 00 00 00 00 00 00 00 00 00 00 00 00 00 00  |................|
0060: 00 00 00 00 00 00 00 00 00 00 00 00 00 00 00 00  |................|
0070: 00 00 00 00 00 00 00 00 00 00 00 00 00 00 00 00  |................|
- 包类型: 0x00 0x00
- 选项: 0x00 0x00
- 时间戳: 8847140782536687
- 负载大小: 249
准备接收负载数据，大小: 249
接收负载数据: ret=249, readstart=0, 剩余=249
时间戳信息: local=1738239541625895701 (1738239541.625896秒), remote=2059885482894416 (2059885.482894秒)
raop_rtp video: now = 1738239541.593363, ntp = 1738239541.625896, latency = -0.032533, ts = 2059885.482894, 00 00 00 00  h264
select返回: ret=1
准备接收数据包头...
接收包头: ret=128, readstart=0
包头接收完成，详细信息:
完整的包头十六进制转储:
0000: fb 00 00 00 00 00 00 00 61 bf 27 84 6d 6e 1f 00  |........a.'.mn..|
0010: 00 00 00 00 00 00 00 00 00 00 00 00 00 00 00 00  |................|
0020: 00 00 00 00 00 00 00 00 00 00 00 00 00 00 00 00  |................|
0030: 00 00 00 00 00 00 00 00 00 00 00 00 00 00 00 00  |................|
0040: 00 00 00 00 00 00 00 00 00 00 00 00 00 00 00 00  |................|
0050: 00 00 00 00 00 00 00 00 00 00 00 00 00 00 00 00  |................|
0060: 00 00 00 00 00 00 00 00 00 00 00 00 00 00 00 00  |................|
0070: 00 00 00 00 00 00 00 00 00 00 00 00 00 00 00 00  |................|
- 包类型: 0x00 0x00
- 选项: 0x00 0x00
- 时间戳: 8847140925718369
- 负载大小: 251
准备接收负载数据，大小: 251
接收负载数据: ret=251, readstart=0, 剩余=251
时间戳信息: local=1738239541659232784 (1738239541.659233秒), remote=2059885516231499 (2059885.516231秒)
raop_rtp video: now = 1738239541.593551, ntp = 1738239541.659233, latency = -0.065682, ts = 2059885.516231, 00 00 00 00  h264
select返回: ret=1
准备接收数据包头...
接收包头: ret=128, readstart=0
包头接收完成，详细信息:
完整的包头十六进制转储:
0000: f7 00 00 00 00 00 00 00 87 87 b0 8c 6d 6e 1f 00  |............mn..|
0010: 00 00 00 00 00 00 00 00 00 00 00 00 00 00 00 00  |................|
0020: 00 00 00 00 00 00 00 00 00 00 00 00 00 00 00 00  |................|
0030: 00 00 00 00 00 00 00 00 00 00 00 00 00 00 00 00  |................|
0040: 00 00 00 00 00 00 00 00 00 00 00 00 00 00 00 00  |................|
0050: 00 00 00 00 00 00 00 00 00 00 00 00 00 00 00 00  |................|
0060: 00 00 00 00 00 00 00 00 00 00 00 00 00 00 00 00  |................|
0070: 00 00 00 00 00 00 00 00 00 00 00 00 00 00 00 00  |................|
- 包类型: 0x00 0x00
- 选项: 0x00 0x00
- 时间戳: 8847141068900231
- 负载大小: 247
准备接收负载数据，大小: 247
接收负载数据: ret=247, readstart=0, 剩余=247
时间戳信息: local=1738239541692569909 (1738239541.692570秒), remote=2059885549568624 (2059885.549569秒)
raop_rtp video: now = 1738239541.600708, ntp = 1738239541.692570, latency = -0.091862, ts = 2059885.549569, 00 00 00 00  h264
select返回: ret=1
准备接收数据包头...
接收包头: ret=128, readstart=0
包头接收完成，详细信息:
完整的包头十六进制转储:
0000: fa 00 00 00 00 00 00 00 46 4e 39 95 6d 6e 1f 00  |........FN9.mn..|
0010: 00 00 00 00 00 00 00 00 00 00 00 00 00 00 00 00  |................|
0020: 00 00 00 00 00 00 00 00 00 00 00 00 00 00 00 00  |................|
0030: 00 00 00 00 00 00 00 00 00 00 00 00 00 00 00 00  |................|
0040: 00 00 00 00 00 00 00 00 00 00 00 00 00 00 00 00  |................|
0050: 00 00 00 00 00 00 00 00 00 00 00 00 00 00 00 00  |................|
0060: 00 00 00 00 00 00 00 00 00 00 00 00 00 00 00 00  |................|
0070: 00 00 00 00 00 00 00 00 00 00 00 00 00 00 00 00  |................|
- 包类型: 0x00 0x00
- 选项: 0x00 0x00
- 时间戳: 8847141212081734
- 负载大小: 250
准备接收负载数据，大小: 250
接收负载数据: ret=250, readstart=0, 剩余=250
时间戳信息: local=1738239541725906951 (1738239541.725907秒), remote=2059885582905666 (2059885.582906秒)
raop_rtp video: now = 1738239541.695701, ntp = 1738239541.725907, latency = -0.030206, ts = 2059885.582906, 00 00 00 00  h264
select返回: ret=1
准备接收数据包头...
接收包头: ret=128, readstart=0
包头接收完成，详细信息:
完整的包头十六进制转储:
0000: f7 00 00 00 00 00 00 00 b9 15 c2 9d 6d 6e 1f 00  |............mn..|
0010: 00 00 00 00 00 00 00 00 00 00 00 00 00 00 00 00  |................|
0020: 00 00 00 00 00 00 00 00 00 00 00 00 00 00 00 00  |................|
0030: 00 00 00 00 00 00 00 00 00 00 00 00 00 00 00 00  |................|
0040: 00 00 00 00 00 00 00 00 00 00 00 00 00 00 00 00  |................|
0050: 00 00 00 00 00 00 00 00 00 00 00 00 00 00 00 00  |................|
0060: 00 00 00 00 00 00 00 00 00 00 00 00 00 00 00 00  |................|
0070: 00 00 00 00 00 00 00 00 00 00 00 00 00 00 00 00  |................|
- 包类型: 0x00 0x00
- 选项: 0x00 0x00
- 时间戳: 8847141355263417
- 负载大小: 247
准备接收负载数据，大小: 247
接收负载数据: ret=247, readstart=0, 剩余=247
时间戳信息: local=1738239541759244034 (1738239541.759244秒), remote=2059885616242749 (2059885.616243秒)
raop_rtp video: now = 1738239541.695942, ntp = 1738239541.759244, latency = -0.063302, ts = 2059885.616243, 00 00 00 00  h264
select返回: ret=1
准备接收数据包头...
接收包头: ret=128, readstart=0
包头接收完成，详细信息:
完整的包头十六进制转储:
0000: fa 00 00 00 00 00 00 00 df dd 4a a6 6d 6e 1f 00  |..........J.mn..|
0010: 00 00 00 00 00 00 00 00 00 00 00 00 00 00 00 00  |................|
0020: 00 00 00 00 00 00 00 00 00 00 00 00 00 00 00 00  |................|
0030: 00 00 00 00 00 00 00 00 00 00 00 00 00 00 00 00  |................|
0040: 00 00 00 00 00 00 00 00 00 00 00 00 00 00 00 00  |................|
0050: 00 00 00 00 00 00 00 00 00 00 00 00 00 00 00 00  |................|
0060: 00 00 00 00 00 00 00 00 00 00 00 00 00 00 00 00  |................|
0070: 00 00 00 00 00 00 00 00 00 00 00 00 00 00 00 00  |................|
- 包类型: 0x00 0x00
- 选项: 0x00 0x00
- 时间戳: 8847141498445279
- 负载大小: 250
准备接收负载数据，大小: 250
接收负载数据: ret=250, readstart=0, 剩余=250
时间戳信息: local=1738239541792581159 (1738239541.792581秒), remote=2059885649579874 (2059885.649580秒)
raop_rtp video: now = 1738239541.699040, ntp = 1738239541.792581, latency = -0.093541, ts = 2059885.649580, 00 00 00 00  h264
select返回: ret=1
准备接收数据包头...
接收包头: ret=128, readstart=0
包头接收完成，详细信息:
完整的包头十六进制转储:
0000: f7 00 00 00 00 00 00 00 9e a4 d3 ae 6d 6e 1f 00  |............mn..|
0010: 00 00 00 00 00 00 00 00 00 00 00 00 00 00 00 00  |................|
0020: 00 00 00 00 00 00 00 00 00 00 00 00 00 00 00 00  |................|
0030: 00 00 00 00 00 00 00 00 00 00 00 00 00 00 00 00  |................|
0040: 00 00 00 00 00 00 00 00 00 00 00 00 00 00 00 00  |................|
0050: 00 00 00 00 00 00 00 00 00 00 00 00 00 00 00 00  |................|
0060: 00 00 00 00 00 00 00 00 00 00 00 00 00 00 00 00  |................|
0070: 00 00 00 00 00 00 00 00 00 00 00 00 00 00 00 00  |................|
- 包类型: 0x00 0x00
- 选项: 0x00 0x00
- 时间戳: 8847141641626782
- 负载大小: 247
准备接收负载数据，大小: 247
接收负载数据: ret=247, readstart=0, 剩余=247
时间戳信息: local=1738239541825918201 (1738239541.825918秒), remote=2059885682916916 (2059885.682917秒)
raop_rtp video: now = 1738239541.798307, ntp = 1738239541.825918, latency = -0.027611, ts = 2059885.682917, 00 00 00 00  h264
select返回: ret=1
准备接收数据包头...
接收包头: ret=128, readstart=0
包头接收完成，详细信息:
完整的包头十六进制转储:
0000: fa 00 00 00 00 00 00 00 11 6c 5c b7 6d 6e 1f 00  |.........l\.mn..|
0010: 00 00 00 00 00 00 00 00 00 00 00 00 00 00 00 00  |................|
0020: 00 00 00 00 00 00 00 00 00 00 00 00 00 00 00 00  |................|
0030: 00 00 00 00 00 00 00 00 00 00 00 00 00 00 00 00  |................|
0040: 00 00 00 00 00 00 00 00 00 00 00 00 00 00 00 00  |................|
0050: 00 00 00 00 00 00 00 00 00 00 00 00 00 00 00 00  |................|
0060: 00 00 00 00 00 00 00 00 00 00 00 00 00 00 00 00  |................|
0070: 00 00 00 00 00 00 00 00 00 00 00 00 00 00 00 00  |................|
- 包类型: 0x00 0x00
- 选项: 0x00 0x00
- 时间戳: 8847141784808465
- 负载大小: 250
准备接收负载数据，大小: 250
接收负载数据: ret=250, readstart=0, 剩余=250
时间戳信息: local=1738239541859255284 (1738239541.859255秒), remote=2059885716253999 (2059885.716254秒)
raop_rtp video: now = 1738239541.798488, ntp = 1738239541.859255, latency = -0.060767, ts = 2059885.716254, 00 00 00 00  h264
select返回: ret=1
准备接收数据包头...
接收包头: ret=128, readstart=0
包头接收完成，详细信息:
完整的包头十六进制转储:
0000: bd 74 00 00 00 00 00 00 37 34 e5 bf 6d 6e 1f 00  |.t......74..mn..|
0010: 00 00 00 00 00 00 00 00 00 00 00 00 00 00 00 00  |................|
0020: 00 00 00 00 00 00 00 00 00 00 00 00 00 00 00 00  |................|
0030: 00 00 00 00 00 00 00 00 00 00 00 00 00 00 00 00  |................|
0040: 00 00 00 00 00 00 00 00 00 00 00 00 00 00 00 00  |................|
0050: 00 00 00 00 00 00 00 00 00 00 00 00 00 00 00 00  |................|
0060: 00 00 00 00 00 00 00 00 00 00 00 00 00 00 00 00  |................|
0070: 00 00 00 00 00 00 00 00 00 00 00 00 00 00 00 00  |................|
- 包类型: 0x00 0x00
- 选项: 0x00 0x00
- 时间戳: 8847141927990327
- 负载大小: 29885
准备接收负载数据，大小: 29885
接收负载数据: ret=29885, readstart=0, 剩余=29885
时间戳信息: local=1738239541892592409 (1738239541.892592秒), remote=2059885749591124 (2059885.749591秒)
raop_rtp video: now = 1738239541.818417, ntp = 1738239541.892592, latency = -0.074175, ts = 2059885.749591, 00 00 00 00  h264
select返回: ret=1
准备接收数据包头...
接收包头: ret=128, readstart=0
包头接收完成，详细信息:
完整的包头十六进制转储:
0000: f0 68 00 00 00 00 00 00 f6 fa 6d c8 6d 6e 1f 00  |.h........m.mn..|
0010: 00 00 00 00 00 00 00 00 00 00 00 00 00 00 00 00  |................|
0020: 00 00 00 00 00 00 00 00 00 00 00 00 00 00 00 00  |................|
0030: 00 00 00 00 00 00 00 00 00 00 00 00 00 00 00 00  |................|
0040: 00 00 00 00 00 00 00 00 00 00 00 00 00 00 00 00  |................|
0050: 00 00 00 00 00 00 00 00 00 00 00 00 00 00 00 00  |................|
0060: 00 00 00 00 00 00 00 00 00 00 00 00 00 00 00 00  |................|
0070: 00 00 00 00 00 00 00 00 00 00 00 00 00 00 00 00  |................|
- 包类型: 0x00 0x00
- 选项: 0x00 0x00
- 时间戳: 8847142071171830
- 负载大小: 26864
准备接收负载数据，大小: 26864
接收负载数据: ret=2768, readstart=0, 剩余=26864
接收负载数据: ret=-1, readstart=2768, 剩余=24096
select返回: ret=1
准备接收数据包头...
接收负载数据: ret=17376, readstart=2768, 剩余=24096
接收负载数据: ret=-1, readstart=20144, 剩余=6720
select返回: ret=1
准备接收数据包头...
接收负载数据: ret=6720, readstart=20144, 剩余=6720
时间戳信息: local=1738239541925929451 (1738239541.925930秒), remote=2059885782928166 (2059885.782928秒)
raop_rtp video: now = 1738239542.019327, ntp = 1738239541.925930, latency = 0.093397, ts = 2059885.782928, 00 00 00 00  h264
select返回: ret=1
准备接收数据包头...
接收包头: ret=128, readstart=0
包头接收完成，详细信息:
完整的包头十六进制转储:
0000: da 67 00 00 00 00 00 00 69 c2 f6 d0 6d 6e 1f 00  |.g......i...mn..|
0010: 00 00 00 00 00 00 00 00 00 00 00 00 00 00 00 00  |................|
0020: 00 00 00 00 00 00 00 00 00 00 00 00 00 00 00 00  |................|
0030: 00 00 00 00 00 00 00 00 00 00 00 00 00 00 00 00  |................|
0040: 00 00 00 00 00 00 00 00 00 00 00 00 00 00 00 00  |................|
0050: 00 00 00 00 00 00 00 00 00 00 00 00 00 00 00 00  |................|
0060: 00 00 00 00 00 00 00 00 00 00 00 00 00 00 00 00  |................|
0070: 00 00 00 00 00 00 00 00 00 00 00 00 00 00 00 00  |................|
- 包类型: 0x00 0x00
- 选项: 0x00 0x00
- 时间戳: 8847142214353513
- 负载大小: 26586
准备接收负载数据，大小: 26586
接收负载数据: ret=24488, readstart=0, 剩余=26586
接收负载数据: ret=-1, readstart=24488, 剩余=2098
select返回: ret=1
准备接收数据包头...
接收负载数据: ret=1448, readstart=24488, 剩余=2098
接收负载数据: ret=650, readstart=25936, 剩余=650
时间戳信息: local=1738239541959266534 (1738239541.959267秒), remote=2059885816265249 (2059885.816265秒)
raop_rtp video: now = 1738239542.031749, ntp = 1738239541.959267, latency = 0.072482, ts = 2059885.816265, 00 00 00 00  h264
select返回: ret=1
准备接收数据包头...
接收包头: ret=128, readstart=0
包头接收完成，详细信息:
完整的包头十六进制转储:
0000: 5e 53 00 00 00 00 00 00 29 89 7f d9 6d 6e 1f 00  |^S......)...mn..|
0010: 00 00 00 00 00 00 00 00 00 00 00 00 00 00 00 00  |................|
0020: 00 00 00 00 00 00 00 00 00 00 00 00 00 00 00 00  |................|
0030: 00 00 00 00 00 00 00 00 00 00 00 00 00 00 00 00  |................|
0040: 00 00 00 00 00 00 00 00 00 00 00 00 00 00 00 00  |................|
0050: 00 00 00 00 00 00 00 00 00 00 00 00 00 00 00 00  |................|
0060: 00 00 00 00 00 00 00 00 00 00 00 00 00 00 00 00  |................|
0070: 00 00 00 00 00 00 00 00 00 00 00 00 00 00 00 00  |................|
- 包类型: 0x00 0x00
- 选项: 0x00 0x00
- 时间戳: 8847142357535017
- 负载大小: 21342
准备接收负载数据，大小: 21342
接收负载数据: ret=21342, readstart=0, 剩余=21342
时间戳信息: local=1738239541992603576 (1738239541.992604秒), remote=2059885849602291 (2059885.849602秒)
raop_rtp video: now = 1738239542.032362, ntp = 1738239541.992604, latency = 0.039759, ts = 2059885.849602, 00 00 00 00  h264
select返回: ret=1
准备接收数据包头...
接收包头: ret=128, readstart=0
包头接收完成，详细信息:
完整的包头十六进制转储:
0000: 6f 3e 00 00 00 00 00 00 4e 51 08 e2 6d 6e 1f 00  |o>......NQ..mn..|
0010: 00 00 00 00 00 00 00 00 00 00 00 00 00 00 00 00  |................|
0020: 00 00 00 00 00 00 00 00 00 00 00 00 00 00 00 00  |................|
0030: 00 00 00 00 00 00 00 00 00 00 00 00 00 00 00 00  |................|
0040: 00 00 00 00 00 00 00 00 00 00 00 00 00 00 00 00  |................|
0050: 00 00 00 00 00 00 00 00 00 00 00 00 00 00 00 00  |................|
0060: 00 00 00 00 00 00 00 00 00 00 00 00 00 00 00 00  |................|
0070: 00 00 00 00 00 00 00 00 00 00 00 00 00 00 00 00  |................|
- 包类型: 0x00 0x00
- 选项: 0x00 0x00
- 时间戳: 8847142500716878
- 负载大小: 15983
准备接收负载数据，大小: 15983
接收负载数据: ret=15983, readstart=0, 剩余=15983
时间戳信息: local=1738239542025940701 (1738239542.025941秒), remote=2059885882939416 (2059885.882939秒)
raop_rtp video: now = 1738239542.032592, ntp = 1738239542.025941, latency = 0.006651, ts = 2059885.882939, 00 00 00 00  h264
select返回: ret=1
准备接收数据包头...
接收包头: ret=128, readstart=0
包头接收完成，详细信息:
完整的包头十六进制转储:
0000: b2 29 00 00 00 00 00 00 c1 18 91 ea 6d 6e 1f 00  |.)..........mn..|
0010: 00 00 00 00 00 00 00 00 00 00 00 00 00 00 00 00  |................|
0020: 00 00 00 00 00 00 00 00 00 00 00 00 00 00 00 00  |................|
0030: 00 00 00 00 00 00 00 00 00 00 00 00 00 00 00 00  |................|
0040: 00 00 00 00 00 00 00 00 00 00 00 00 00 00 00 00  |................|
0050: 00 00 00 00 00 00 00 00 00 00 00 00 00 00 00 00  |................|
0060: 00 00 00 00 00 00 00 00 00 00 00 00 00 00 00 00  |................|
0070: 00 00 00 00 00 00 00 00 00 00 00 00 00 00 00 00  |................|
- 包类型: 0x00 0x00
- 选项: 0x00 0x00
- 时间戳: 8847142643898561
- 负载大小: 10674
准备接收负载数据，大小: 10674
接收负载数据: ret=5664, readstart=0, 剩余=10674
接收负载数据: ret=5010, readstart=5664, 剩余=5010
时间戳信息: local=1738239542059277784 (1738239542.059278秒), remote=2059885916276499 (2059885.916276秒)
raop_rtp video: now = 1738239542.033906, ntp = 1738239542.059278, latency = -0.025372, ts = 2059885.916276, 00 00 00 00  h264
select返回: ret=1
准备接收数据包头...
接收包头: ret=128, readstart=0
包头接收完成，详细信息:
完整的包头十六进制转储:
0000: 3d 1c 00 00 00 00 00 00 e7 e0 19 f3 6d 6e 1f 00  |=...........mn..|
0010: 00 00 00 00 00 00 00 00 00 00 00 00 00 00 00 00  |................|
0020: 00 00 00 00 00 00 00 00 00 00 00 00 00 00 00 00  |................|
0030: 00 00 00 00 00 00 00 00 00 00 00 00 00 00 00 00  |................|
0040: 00 00 00 00 00 00 00 00 00 00 00 00 00 00 00 00  |................|
0050: 00 00 00 00 00 00 00 00 00 00 00 00 00 00 00 00  |................|
0060: 00 00 00 00 00 00 00 00 00 00 00 00 00 00 00 00  |................|
0070: 00 00 00 00 00 00 00 00 00 00 00 00 00 00 00 00  |................|
- 包类型: 0x00 0x00
- 选项: 0x00 0x00
- 时间戳: 8847142787080423
- 负载大小: 7229
准备接收负载数据，大小: 7229
接收负载数据: ret=1320, readstart=0, 剩余=7229
接收负载数据: ret=-1, readstart=1320, 剩余=5909
select返回: ret=1
准备接收数据包头...
接收负载数据: ret=5792, readstart=1320, 剩余=5909
接收负载数据: ret=117, readstart=7112, 剩余=117
时间戳信息: local=1738239542092614909 (1738239542.092615秒), remote=2059885949613624 (2059885.949614秒)
raop_rtp video: now = 1738239542.111885, ntp = 1738239542.092615, latency = 0.019270, ts = 2059885.949614, 00 00 00 00  h264
select返回: ret=1
准备接收数据包头...
接收包头: ret=128, readstart=0
包头接收完成，详细信息:
完整的包头十六进制转储:
0000: 7d 13 00 00 00 00 00 00 a6 a7 a2 fb 6d 6e 1f 00  |}...........mn..|
0010: 00 00 00 00 00 00 00 00 00 00 00 00 00 00 00 00  |................|
0020: 00 00 00 00 00 00 00 00 00 00 00 00 00 00 00 00  |................|
0030: 00 00 00 00 00 00 00 00 00 00 00 00 00 00 00 00  |................|
0040: 00 00 00 00 00 00 00 00 00 00 00 00 00 00 00 00  |................|
0050: 00 00 00 00 00 00 00 00 00 00 00 00 00 00 00 00  |................|
0060: 00 00 00 00 00 00 00 00 00 00 00 00 00 00 00 00  |................|
0070: 00 00 00 00 00 00 00 00 00 00 00 00 00 00 00 00  |................|
- 包类型: 0x00 0x00
- 选项: 0x00 0x00
- 时间戳: 8847142930261926
- 负载大小: 4989
准备接收负载数据，大小: 4989
接收负载数据: ret=4989, readstart=0, 剩余=4989
时间戳信息: local=1738239542125951951 (1738239542.125952秒), remote=2059885982950666 (2059885.982951秒)
raop_rtp video: now = 1738239542.112000, ntp = 1738239542.125952, latency = -0.013952, ts = 2059885.982951, 00 00 00 00  h264
select返回: ret=1
准备接收数据包头...
接收包头: ret=128, readstart=0
包头接收完成，详细信息:
完整的包头十六进制转储:
0000: 8a 0d 00 00 00 00 00 00 19 6f 2b 04 6e 6e 1f 00  |.........o+.nn..|
0010: 00 00 00 00 00 00 00 00 00 00 00 00 00 00 00 00  |................|
0020: 00 00 00 00 00 00 00 00 00 00 00 00 00 00 00 00  |................|
0030: 00 00 00 00 00 00 00 00 00 00 00 00 00 00 00 00  |................|
0040: 00 00 00 00 00 00 00 00 00 00 00 00 00 00 00 00  |................|
0050: 00 00 00 00 00 00 00 00 00 00 00 00 00 00 00 00  |................|
0060: 00 00 00 00 00 00 00 00 00 00 00 00 00 00 00 00  |................|
0070: 00 00 00 00 00 00 00 00 00 00 00 00 00 00 00 00  |................|
- 包类型: 0x00 0x00
- 选项: 0x00 0x00
- 时间戳: 8847143073443609
- 负载大小: 3466
准备接收负载数据，大小: 3466
接收负载数据: ret=3466, readstart=0, 剩余=3466
时间戳信息: local=1738239542159289034 (1738239542.159289秒), remote=2059886016287749 (2059886.016288秒)
raop_rtp video: now = 1738239542.112107, ntp = 1738239542.159289, latency = -0.047182, ts = 2059886.016288, 00 00 00 00  h264
select返回: ret=1
准备接收数据包头...
接收包头: ret=128, readstart=0
包头接收完成，详细信息:
完整的包头十六进制转储:
0000: 5c 0c 00 00 00 00 00 00 3f 37 b4 0c 6e 6e 1f 00  |\.......?7..nn..|
0010: 00 00 00 00 00 00 00 00 00 00 00 00 00 00 00 00  |................|
0020: 00 00 00 00 00 00 00 00 00 00 00 00 00 00 00 00  |................|
0030: 00 00 00 00 00 00 00 00 00 00 00 00 00 00 00 00  |................|
0040: 00 00 00 00 00 00 00 00 00 00 00 00 00 00 00 00  |................|
0050: 00 00 00 00 00 00 00 00 00 00 00 00 00 00 00 00  |................|
0060: 00 00 00 00 00 00 00 00 00 00 00 00 00 00 00 00  |................|
0070: 00 00 00 00 00 00 00 00 00 00 00 00 00 00 00 00  |................|
- 包类型: 0x00 0x00
- 选项: 0x00 0x00
- 时间戳: 8847143216625471
- 负载大小: 3164
准备接收负载数据，大小: 3164
接收负载数据: ret=3164, readstart=0, 剩余=3164
时间戳信息: local=1738239542192626159 (1738239542.192626秒), remote=2059886049624874 (2059886.049625秒)
raop_rtp video: now = 1738239542.112184, ntp = 1738239542.192626, latency = -0.080443, ts = 2059886.049625, 00 00 00 00  h264
select返回: ret=1
准备接收数据包头...
接收包头: ret=128, readstart=0
包头接收完成，详细信息:
完整的包头十六进制转储:
0000: 9c 05 00 00 00 00 00 00 4b fd 3c 15 6e 6e 1f 00  |........K.<.nn..|
0010: 00 00 00 00 00 00 00 00 00 00 00 00 00 00 00 00  |................|
0020: 00 00 00 00 00 00 00 00 00 00 00 00 00 00 00 00  |................|
0030: 00 00 00 00 00 00 00 00 00 00 00 00 00 00 00 00  |................|
0040: 00 00 00 00 00 00 00 00 00 00 00 00 00 00 00 00  |................|
0050: 00 00 00 00 00 00 00 00 00 00 00 00 00 00 00 00  |................|
0060: 00 00 00 00 00 00 00 00 00 00 00 00 00 00 00 00  |................|
0070: 00 00 00 00 00 00 00 00 00 00 00 00 00 00 00 00  |................|
- 包类型: 0x00 0x00
- 选项: 0x00 0x00
- 时间戳: 8847143359806795
- 负载大小: 1436
准备接收负载数据，大小: 1436
接收负载数据: ret=1436, readstart=0, 剩余=1436
时间戳信息: local=1738239542225963159 (1738239542.225963秒), remote=2059886082961874 (2059886.082962秒)
raop_rtp video: now = 1738239542.220831, ntp = 1738239542.225963, latency = -0.005133, ts = 2059886.082962, 00 00 00 00  h264
select返回: ret=1
准备接收数据包头...
接收包头: ret=128, readstart=0
包头接收完成，详细信息:
完整的包头十六进制转储:
0000: 40 02 00 00 00 00 00 00 71 c5 c5 1d 6e 6e 1f 00  |@.......q...nn..|
0010: 00 00 00 00 00 00 00 00 00 00 00 00 00 00 00 00  |................|
0020: 00 00 00 00 00 00 00 00 00 00 00 00 00 00 00 00  |................|
0030: 00 00 00 00 00 00 00 00 00 00 00 00 00 00 00 00  |................|
0040: 00 00 00 00 00 00 00 00 00 00 00 00 00 00 00 00  |................|
0050: 00 00 00 00 00 00 00 00 00 00 00 00 00 00 00 00  |................|
0060: 00 00 00 00 00 00 00 00 00 00 00 00 00 00 00 00  |................|
0070: 00 00 00 00 00 00 00 00 00 00 00 00 00 00 00 00  |................|
- 包类型: 0x00 0x00
- 选项: 0x00 0x00
- 时间戳: 8847143502988657
- 负载大小: 576
准备接收负载数据，大小: 576
接收负载数据: ret=576, readstart=0, 剩余=576
时间戳信息: local=1738239542259300284 (1738239542.259300秒), remote=2059886116298999 (2059886.116299秒)
raop_rtp video: now = 1738239542.221010, ntp = 1738239542.259300, latency = -0.038290, ts = 2059886.116299, 00 00 00 00  h264
select返回: ret=1
准备接收数据包头...
接收包头: ret=128, readstart=0
包头接收完成，详细信息:
完整的包头十六进制转储:
0000: 74 03 00 00 00 00 00 00 97 8d 4e 26 6e 6e 1f 00  |t.........N&nn..|
0010: 00 00 00 00 00 00 00 00 00 00 00 00 00 00 00 00  |................|
0020: 00 00 00 00 00 00 00 00 00 00 00 00 00 00 00 00  |................|
0030: 00 00 00 00 00 00 00 00 00 00 00 00 00 00 00 00  |................|
0040: 00 00 00 00 00 00 00 00 00 00 00 00 00 00 00 00  |................|
0050: 00 00 00 00 00 00 00 00 00 00 00 00 00 00 00 00  |................|
0060: 00 00 00 00 00 00 00 00 00 00 00 00 00 00 00 00  |................|
0070: 00 00 00 00 00 00 00 00 00 00 00 00 00 00 00 00  |................|
- 包类型: 0x00 0x00
- 选项: 0x00 0x00
- 时间戳: 8847143646170519
- 负载大小: 884
准备接收负载数据，大小: 884
接收负载数据: ret=884, readstart=0, 剩余=884
时间戳信息: local=1738239542292637409 (1738239542.292638秒), remote=2059886149636124 (2059886.149636秒)
raop_rtp video: now = 1738239542.221307, ntp = 1738239542.292638, latency = -0.071330, ts = 2059886.149636, 00 00 00 00  h264
select返回: ret=1
准备接收数据包头...
接收包头: ret=128, readstart=0
包头接收完成，详细信息:
完整的包头十六进制转储:
0000: a6 01 00 00 00 00 00 00 56 54 d7 2e 6e 6e 1f 00  |........VT..nn..|
0010: 00 00 00 00 00 00 00 00 00 00 00 00 00 00 00 00  |................|
0020: 00 00 00 00 00 00 00 00 00 00 00 00 00 00 00 00  |................|
0030: 00 00 00 00 00 00 00 00 00 00 00 00 00 00 00 00  |................|
0040: 00 00 00 00 00 00 00 00 00 00 00 00 00 00 00 00  |................|
0050: 00 00 00 00 00 00 00 00 00 00 00 00 00 00 00 00  |................|
0060: 00 00 00 00 00 00 00 00 00 00 00 00 00 00 00 00  |................|
0070: 00 00 00 00 00 00 00 00 00 00 00 00 00 00 00 00  |................|
- 包类型: 0x00 0x00
- 选项: 0x00 0x00
- 时间戳: 8847143789352022
- 负载大小: 422
准备接收负载数据，大小: 422
接收负载数据: ret=422, readstart=0, 剩余=422
时间戳信息: local=1738239542325974451 (1738239542.325975秒), remote=2059886182973166 (2059886.182973秒)
raop_rtp video: now = 1738239542.232965, ntp = 1738239542.325975, latency = -0.093009, ts = 2059886.182973, 00 00 00 00  h264
select返回: ret=1
准备接收数据包头...
接收包头: ret=128, readstart=0
包头接收完成，详细信息:
完整的包头十六进制转储:
0000: 4d 01 00 00 00 00 00 00 c9 1b 60 37 6e 6e 1f 00  |M.........`7nn..|
0010: 00 00 00 00 00 00 00 00 00 00 00 00 00 00 00 00  |................|
0020: 00 00 00 00 00 00 00 00 00 00 00 00 00 00 00 00  |................|
0030: 00 00 00 00 00 00 00 00 00 00 00 00 00 00 00 00  |................|
0040: 00 00 00 00 00 00 00 00 00 00 00 00 00 00 00 00  |................|
0050: 00 00 00 00 00 00 00 00 00 00 00 00 00 00 00 00  |................|
0060: 00 00 00 00 00 00 00 00 00 00 00 00 00 00 00 00  |................|
0070: 00 00 00 00 00 00 00 00 00 00 00 00 00 00 00 00  |................|
- 包类型: 0x00 0x00
- 选项: 0x00 0x00
- 时间戳: 8847143932533705
- 负载大小: 333
准备接收负载数据，大小: 333
接收负载数据: ret=333, readstart=0, 剩余=333
时间戳信息: local=1738239542359311534 (1738239542.359312秒), remote=2059886216310249 (2059886.216310秒)
raop_rtp video: now = 1738239542.310389, ntp = 1738239542.359312, latency = -0.048923, ts = 2059886.216310, 00 00 00 00  h264
select返回: ret=1
准备接收数据包头...
接收包头: ret=128, readstart=0
包头接收完成，详细信息:
完整的包头十六进制转储:
0000: c0 01 00 00 00 00 00 00 ef e3 e8 3f 6e 6e 1f 00  |...........?nn..|
0010: 00 00 00 00 00 00 00 00 00 00 00 00 00 00 00 00  |................|
0020: 00 00 00 00 00 00 00 00 00 00 00 00 00 00 00 00  |................|
0030: 00 00 00 00 00 00 00 00 00 00 00 00 00 00 00 00  |................|
0040: 00 00 00 00 00 00 00 00 00 00 00 00 00 00 00 00  |................|
0050: 00 00 00 00 00 00 00 00 00 00 00 00 00 00 00 00  |................|
0060: 00 00 00 00 00 00 00 00 00 00 00 00 00 00 00 00  |................|
0070: 00 00 00 00 00 00 00 00 00 00 00 00 00 00 00 00  |................|
- 包类型: 0x00 0x00
- 选项: 0x00 0x00
- 时间戳: 8847144075715567
- 负载大小: 448
准备接收负载数据，大小: 448
接收负载数据: ret=448, readstart=0, 剩余=448
时间戳信息: local=1738239542392648659 (1738239542.392649秒), remote=2059886249647374 (2059886.249647秒)
raop_rtp video: now = 1738239542.310547, ntp = 1738239542.392649, latency = -0.082102, ts = 2059886.249647, 00 00 00 00  h264
new request, connection 0, socket 25 type RAOP
httpd receiving on socket 25, connection 0

httpd: current connections:
connection 0 type 1 socket 25  conn 0x757654000b70 RAOP ACTIVE CONNECTION
 
httpd request received on socket 25, connection 0, method = POST, url = /feedback, protocol = RTSP/1.0
conn_request

POST /feedback RTSP/1.0
CSeq: 11
DACP-ID: 72B5A52C22E5647C
Active-Remote: 2558876681
User-Agent: AirPlay/775.3.1

Handling request POST with URL /feedback
raop_handler_feedback

RTSP/1.0 200 OK 
Audio-Jack-Status: connected; type=digital 
Server: AirTunes/220.68 
CSeq: 11 

select返回: ret=1
准备接收数据包头...
接收包头: ret=128, readstart=0
包头接收完成，详细信息:
完整的包头十六进制转储:
0000: c0 01 00 00 00 00 00 00 ae aa 71 48 6e 6e 1f 00  |..........qHnn..|
0010: 00 00 00 00 00 00 00 00 00 00 00 00 00 00 00 00  |................|
0020: 00 00 00 00 00 00 00 00 00 00 00 00 00 00 00 00  |................|
0030: 00 00 00 00 00 00 00 00 00 00 00 00 00 00 00 00  |................|
0040: 00 00 00 00 00 00 00 00 00 00 00 00 00 00 00 00  |................|
0050: 00 00 00 00 00 00 00 00 00 00 00 00 00 00 00 00  |................|
0060: 00 00 00 00 00 00 00 00 00 00 00 00 00 00 00 00  |................|
0070: 00 00 00 00 00 00 00 00 00 00 00 00 00 00 00 00  |................|
- 包类型: 0x00 0x00
- 选项: 0x00 0x00
- 时间戳: 8847144218897070
- 负载大小: 448
准备接收负载数据，大小: 448
接收负载数据: ret=448, readstart=0, 剩余=448
时间戳信息: local=1738239542425985701 (1738239542.425986秒), remote=2059886282984416 (2059886.282984秒)
raop_rtp video: now = 1738239542.336432, ntp = 1738239542.425986, latency = -0.089553, ts = 2059886.282984, 00 00 00 00  h264
select返回: ret=1
准备接收数据包头...
接收包头: ret=128, readstart=0
包头接收完成，详细信息:
完整的包头十六进制转储:
0000: b7 01 00 00 00 00 00 00 21 72 fa 50 6e 6e 1f 00  |........!r.Pnn..|
0010: 00 00 00 00 00 00 00 00 00 00 00 00 00 00 00 00  |................|
0020: 00 00 00 00 00 00 00 00 00 00 00 00 00 00 00 00  |................|
0030: 00 00 00 00 00 00 00 00 00 00 00 00 00 00 00 00  |................|
0040: 00 00 00 00 00 00 00 00 00 00 00 00 00 00 00 00  |................|
0050: 00 00 00 00 00 00 00 00 00 00 00 00 00 00 00 00  |................|
0060: 00 00 00 00 00 00 00 00 00 00 00 00 00 00 00 00  |................|
0070: 00 00 00 00 00 00 00 00 00 00 00 00 00 00 00 00  |................|
- 包类型: 0x00 0x00
- 选项: 0x00 0x00
- 时间戳: 8847144362078753
- 负载大小: 439
准备接收负载数据，大小: 439
接收负载数据: ret=439, readstart=0, 剩余=439
时间戳信息: local=1738239542459322784 (1738239542.459323秒), remote=2059886316321499 (2059886.316321秒)
raop_rtp video: now = 1738239542.415202, ntp = 1738239542.459323, latency = -0.044121, ts = 2059886.316321, 00 00 00 00  h264
select返回: ret=1
准备接收数据包头...
接收包头: ret=128, readstart=0
包头接收完成，详细信息:
完整的包头十六进制转储:
0000: d3 01 00 00 00 00 00 00 47 3a 83 59 6e 6e 1f 00  |........G:.Ynn..|
0010: 00 00 00 00 00 00 00 00 00 00 00 00 00 00 00 00  |................|
0020: 00 00 00 00 00 00 00 00 00 00 00 00 00 00 00 00  |................|
0030: 00 00 00 00 00 00 00 00 00 00 00 00 00 00 00 00  |................|
0040: 00 00 00 00 00 00 00 00 00 00 00 00 00 00 00 00  |................|
0050: 00 00 00 00 00 00 00 00 00 00 00 00 00 00 00 00  |................|
0060: 00 00 00 00 00 00 00 00 00 00 00 00 00 00 00 00  |................|
0070: 00 00 00 00 00 00 00 00 00 00 00 00 00 00 00 00  |................|
- 包类型: 0x00 0x00
- 选项: 0x00 0x00
- 时间戳: 8847144505260615
- 负载大小: 467
准备接收负载数据，大小: 467
接收负载数据: ret=467, readstart=0, 剩余=467
时间戳信息: local=1738239542492659909 (1738239542.492660秒), remote=2059886349658624 (2059886.349659秒)
raop_rtp video: now = 1738239542.415395, ntp = 1738239542.492660, latency = -0.077265, ts = 2059886.349659, 00 00 00 00  h264
select返回: ret=1
准备接收数据包头...
接收包头: ret=128, readstart=0
包头接收完成，详细信息:
完整的包头十六进制转储:
0000: ea 01 00 00 00 00 00 00 06 01 0c 62 6e 6e 1f 00  |...........bnn..|
0010: 00 00 00 00 00 00 00 00 00 00 00 00 00 00 00 00  |................|
0020: 00 00 00 00 00 00 00 00 00 00 00 00 00 00 00 00  |................|
0030: 00 00 00 00 00 00 00 00 00 00 00 00 00 00 00 00  |................|
0040: 00 00 00 00 00 00 00 00 00 00 00 00 00 00 00 00  |................|
0050: 00 00 00 00 00 00 00 00 00 00 00 00 00 00 00 00  |................|
0060: 00 00 00 00 00 00 00 00 00 00 00 00 00 00 00 00  |................|
0070: 00 00 00 00 00 00 00 00 00 00 00 00 00 00 00 00  |................|
- 包类型: 0x00 0x00
- 选项: 0x00 0x00
- 时间戳: 8847144648442118
- 负载大小: 490
准备接收负载数据，大小: 490
接收负载数据: ret=490, readstart=0, 剩余=490
时间戳信息: local=1738239542525996951 (1738239542.525997秒), remote=2059886382995666 (2059886.382996秒)
raop_rtp video: now = 1738239542.436601, ntp = 1738239542.525997, latency = -0.089396, ts = 2059886.382996, 00 00 00 00  h264
select返回: ret=1
准备接收数据包头...
接收包头: ret=128, readstart=0
包头接收完成，详细信息:
完整的包头十六进制转储:
0000: 27 02 00 00 00 00 00 00 79 c8 94 6a 6e 6e 1f 00  |'.......y..jnn..|
0010: 00 00 00 00 00 00 00 00 00 00 00 00 00 00 00 00  |................|
0020: 00 00 00 00 00 00 00 00 00 00 00 00 00 00 00 00  |................|
0030: 00 00 00 00 00 00 00 00 00 00 00 00 00 00 00 00  |................|
0040: 00 00 00 00 00 00 00 00 00 00 00 00 00 00 00 00  |................|
0050: 00 00 00 00 00 00 00 00 00 00 00 00 00 00 00 00  |................|
0060: 00 00 00 00 00 00 00 00 00 00 00 00 00 00 00 00  |................|
0070: 00 00 00 00 00 00 00 00 00 00 00 00 00 00 00 00  |................|
- 包类型: 0x00 0x00
- 选项: 0x00 0x00
- 时间戳: 8847144791623801
- 负载大小: 551
准备接收负载数据，大小: 551
接收负载数据: ret=551, readstart=0, 剩余=551
时间戳信息: local=1738239542559334034 (1738239542.559334秒), remote=2059886416332749 (2059886.416333秒)
raop_rtp video: now = 1738239542.619879, ntp = 1738239542.559334, latency = 0.060545, ts = 2059886.416333, 00 00 00 00  h264
select返回: ret=1
准备接收数据包头...
接收包头: ret=128, readstart=0
包头接收完成，详细信息:
完整的包头十六进制转储:
0000: 6c 01 00 00 05 00 00 00 00 00 00 00 00 00 00 00  |l...............|
0010: 00 00 00 00 00 00 00 00 00 00 00 00 00 00 00 00  |................|
0020: 00 00 00 00 00 00 00 00 00 00 00 00 00 00 00 00  |................|
0030: 00 00 00 00 00 00 00 00 00 00 00 00 00 00 00 00  |................|
0040: 00 00 00 00 00 00 00 00 00 00 00 00 00 00 00 00  |................|
0050: 00 00 00 00 00 00 00 00 00 00 00 00 00 00 00 00  |................|
0060: 00 00 00 00 00 00 00 00 00 00 00 00 00 00 00 00  |................|
0070: 00 00 00 00 00 00 00 00 00 00 00 00 00 00 b6 43  |...............C|
- 包类型: 0x05 0x00
- 选项: 0x00 0x00
- 时间戳: 0
- 负载大小: 364
准备接收负载数据，大小: 364
接收负载数据: ret=364, readstart=0, 剩余=364

Received video streaming performance info packet from client: payload_size 364 header 05 00 00 00  ts_raw = 0
select返回: ret=1
准备接收数据包头...
接收包头: ret=128, readstart=0
包头接收完成，详细信息:
完整的包头十六进制转储:
0000: 13 02 00 00 00 00 00 00 9f 90 1d 73 6e 6e 1f 00  |...........snn..|
0010: 00 00 00 00 00 00 00 00 00 00 00 00 00 00 00 00  |................|
0020: 00 00 00 00 00 00 00 00 00 00 00 00 00 00 00 00  |................|
0030: 00 00 00 00 00 00 00 00 00 00 00 00 00 00 00 00  |................|
0040: 00 00 00 00 00 00 00 00 00 00 00 00 00 00 00 00  |................|
0050: 00 00 00 00 00 00 00 00 00 00 00 00 00 00 00 00  |................|
0060: 00 00 00 00 00 00 00 00 00 00 00 00 00 00 00 00  |................|
0070: 00 00 00 00 00 00 00 00 00 00 00 00 00 00 00 00  |................|
- 包类型: 0x00 0x00
- 选项: 0x00 0x00
- 时间戳: 8847144934805663
- 负载大小: 531
准备接收负载数据，大小: 531
接收负载数据: ret=531, readstart=0, 剩余=531
时间戳信息: local=1738239542592671159 (1738239542.592671秒), remote=2059886449669874 (2059886.449670秒)
raop_rtp video: now = 1738239542.620179, ntp = 1738239542.592671, latency = 0.027507, ts = 2059886.449670, 00 00 00 00  h264
select返回: ret=1
准备接收数据包头...
接收包头: ret=128, readstart=0
包头接收完成，详细信息:
完整的包头十六进制转储:
0000: 41 02 00 00 00 00 00 00 5e 57 a6 7b 6e 6e 1f 00  |A.......^W.{nn..|
0010: 00 00 00 00 00 00 00 00 00 00 00 00 00 00 00 00  |................|
0020: 00 00 00 00 00 00 00 00 00 00 00 00 00 00 00 00  |................|
0030: 00 00 00 00 00 00 00 00 00 00 00 00 00 00 00 00  |................|
0040: 00 00 00 00 00 00 00 00 00 00 00 00 00 00 00 00  |................|
0050: 00 00 00 00 00 00 00 00 00 00 00 00 00 00 00 00  |................|
0060: 00 00 00 00 00 00 00 00 00 00 00 00 00 00 00 00  |................|
0070: 00 00 00 00 00 00 00 00 00 00 00 00 00 00 00 00  |................|
- 包类型: 0x00 0x00
- 选项: 0x00 0x00
- 时间戳: 8847145077987166
- 负载大小: 577
准备接收负载数据，大小: 577
接收负载数据: ret=577, readstart=0, 剩余=577
时间戳信息: local=1738239542626008201 (1738239542.626009秒), remote=2059886483006916 (2059886.483007秒)
raop_rtp video: now = 1738239542.633893, ntp = 1738239542.626009, latency = 0.007884, ts = 2059886.483007, 00 00 00 00  h264
select返回: ret=1
准备接收数据包头...
接收包头: ret=128, readstart=0
包头接收完成，详细信息:
完整的包头十六进制转储:
0000: 47 02 00 00 00 00 00 00 d1 1e 2f 84 6e 6e 1f 00  |G........./.nn..|
0010: 00 00 00 00 00 00 00 00 00 00 00 00 00 00 00 00  |................|
0020: 00 00 00 00 00 00 00 00 00 00 00 00 00 00 00 00  |................|
0030: 00 00 00 00 00 00 00 00 00 00 00 00 00 00 00 00  |................|
0040: 00 00 00 00 00 00 00 00 00 00 00 00 00 00 00 00  |................|
0050: 00 00 00 00 00 00 00 00 00 00 00 00 00 00 00 00  |................|
0060: 00 00 00 00 00 00 00 00 00 00 00 00 00 00 00 00  |................|
0070: 00 00 00 00 00 00 00 00 00 00 00 00 00 00 00 00  |................|
- 包类型: 0x00 0x00
- 选项: 0x00 0x00
- 时间戳: 8847145221168849
- 负载大小: 583
准备接收负载数据，大小: 583
接收负载数据: ret=583, readstart=0, 剩余=583
时间戳信息: local=1738239542659345284 (1738239542.659346秒), remote=2059886516343999 (2059886.516344秒)
raop_rtp video: now = 1738239542.634036, ntp = 1738239542.659346, latency = -0.025309, ts = 2059886.516344, 00 00 00 00  h264
select返回: ret=1
准备接收数据包头...
接收包头: ret=128, readstart=0
包头接收完成，详细信息:
完整的包头十六进制转储:
0000: 86 01 00 00 00 00 00 00 f7 e6 b7 8c 6e 6e 1f 00  |............nn..|
0010: 00 00 00 00 00 00 00 00 00 00 00 00 00 00 00 00  |................|
0020: 00 00 00 00 00 00 00 00 00 00 00 00 00 00 00 00  |................|
0030: 00 00 00 00 00 00 00 00 00 00 00 00 00 00 00 00  |................|
0040: 00 00 00 00 00 00 00 00 00 00 00 00 00 00 00 00  |................|
0050: 00 00 00 00 00 00 00 00 00 00 00 00 00 00 00 00  |................|
0060: 00 00 00 00 00 00 00 00 00 00 00 00 00 00 00 00  |................|
0070: 00 00 00 00 00 00 00 00 00 00 00 00 00 00 00 00  |................|
- 包类型: 0x00 0x00
- 选项: 0x00 0x00
- 时间戳: 8847145364350711
- 负载大小: 390
准备接收负载数据，大小: 390
接收负载数据: ret=390, readstart=0, 剩余=390
时间戳信息: local=1738239542692682409 (1738239542.692683秒), remote=2059886549681124 (2059886.549681秒)
raop_rtp video: now = 1738239542.634167, ntp = 1738239542.692683, latency = -0.058516, ts = 2059886.549681, 00 00 00 00  h264
select返回: ret=1
准备接收数据包头...
接收包头: ret=128, readstart=0
包头接收完成，详细信息:
完整的包头十六进制转储:
0000: 2a 01 00 00 00 00 00 00 b6 ad 40 95 6e 6e 1f 00  |*.........@.nn..|
0010: 00 00 00 00 00 00 00 00 00 00 00 00 00 00 00 00  |................|
0020: 00 00 00 00 00 00 00 00 00 00 00 00 00 00 00 00  |................|
0030: 00 00 00 00 00 00 00 00 00 00 00 00 00 00 00 00  |................|
0040: 00 00 00 00 00 00 00 00 00 00 00 00 00 00 00 00  |................|
0050: 00 00 00 00 00 00 00 00 00 00 00 00 00 00 00 00  |................|
0060: 00 00 00 00 00 00 00 00 00 00 00 00 00 00 00 00  |................|
0070: 00 00 00 00 00 00 00 00 00 00 00 00 00 00 00 00  |................|
- 包类型: 0x00 0x00
- 选项: 0x00 0x00
- 时间戳: 8847145507532214
- 负载大小: 298
准备接收负载数据，大小: 298
接收负载数据: ret=298, readstart=0, 剩余=298
时间戳信息: local=1738239542726019451 (1738239542.726019秒), remote=2059886583018166 (2059886.583018秒)
raop_rtp video: now = 1738239542.634312, ntp = 1738239542.726019, latency = -0.091708, ts = 2059886.583018, 00 00 00 00  h264
select返回: ret=1
准备接收数据包头...
接收包头: ret=128, readstart=0
包头接收完成，详细信息:
完整的包头十六进制转储:
0000: 37 01 00 00 00 00 00 00 29 75 c9 9d 6e 6e 1f 00  |7.......)u..nn..|
0010: 00 00 00 00 00 00 00 00 00 00 00 00 00 00 00 00  |................|
0020: 00 00 00 00 00 00 00 00 00 00 00 00 00 00 00 00  |................|
0030: 00 00 00 00 00 00 00 00 00 00 00 00 00 00 00 00  |................|
0040: 00 00 00 00 00 00 00 00 00 00 00 00 00 00 00 00  |................|
0050: 00 00 00 00 00 00 00 00 00 00 00 00 00 00 00 00  |................|
0060: 00 00 00 00 00 00 00 00 00 00 00 00 00 00 00 00  |................|
0070: 00 00 00 00 00 00 00 00 00 00 00 00 00 00 00 00  |................|
- 包类型: 0x00 0x00
- 选项: 0x00 0x00
- 时间戳: 8847145650713897
- 负载大小: 311
准备接收负载数据，大小: 311
接收负载数据: ret=311, readstart=0, 剩余=311
时间戳信息: local=1738239542759356534 (1738239542.759356秒), remote=2059886616355249 (2059886.616355秒)
raop_rtp video: now = 1738239542.722544, ntp = 1738239542.759356, latency = -0.036813, ts = 2059886.616355, 00 00 00 00  h264
select返回: ret=1
准备接收数据包头...
接收包头: ret=128, readstart=0
包头接收完成，详细信息:
完整的包头十六进制转储:
0000: 1f 01 00 00 00 00 00 00 4f 3d 52 a6 6e 6e 1f 00  |........O=R.nn..|
0010: 00 00 00 00 00 00 00 00 00 00 00 00 00 00 00 00  |................|
0020: 00 00 00 00 00 00 00 00 00 00 00 00 00 00 00 00  |................|
0030: 00 00 00 00 00 00 00 00 00 00 00 00 00 00 00 00  |................|
0040: 00 00 00 00 00 00 00 00 00 00 00 00 00 00 00 00  |................|
0050: 00 00 00 00 00 00 00 00 00 00 00 00 00 00 00 00  |................|
0060: 00 00 00 00 00 00 00 00 00 00 00 00 00 00 00 00  |................|
0070: 00 00 00 00 00 00 00 00 00 00 00 00 00 00 00 00  |................|
- 包类型: 0x00 0x00
- 选项: 0x00 0x00
- 时间戳: 8847145793895759
- 负载大小: 287
准备接收负载数据，大小: 287
接收负载数据: ret=287, readstart=0, 剩余=287
时间戳信息: local=1738239542792693659 (1738239542.792694秒), remote=2059886649692374 (2059886.649692秒)
raop_rtp video: now = 1738239542.722712, ntp = 1738239542.792694, latency = -0.069982, ts = 2059886.649692, 00 00 00 00  h264
select返回: ret=1
准备接收数据包头...
接收包头: ret=128, readstart=0
包头接收完成，详细信息:
完整的包头十六进制转储:
0000: 17 01 00 00 00 00 00 00 0e 04 db ae 6e 6e 1f 00  |............nn..|
0010: 00 00 00 00 00 00 00 00 00 00 00 00 00 00 00 00  |................|
0020: 00 00 00 00 00 00 00 00 00 00 00 00 00 00 00 00  |................|
0030: 00 00 00 00 00 00 00 00 00 00 00 00 00 00 00 00  |................|
0040: 00 00 00 00 00 00 00 00 00 00 00 00 00 00 00 00  |................|
0050: 00 00 00 00 00 00 00 00 00 00 00 00 00 00 00 00  |................|
0060: 00 00 00 00 00 00 00 00 00 00 00 00 00 00 00 00  |................|
0070: 00 00 00 00 00 00 00 00 00 00 00 00 00 00 00 00  |................|
- 包类型: 0x00 0x00
- 选项: 0x00 0x00
- 时间戳: 8847145937077262
- 负载大小: 279
准备接收负载数据，大小: 279
接收负载数据: ret=279, readstart=0, 剩余=279
时间戳信息: local=1738239542826030701 (1738239542.826031秒), remote=2059886683029416 (2059886.683029秒)
raop_rtp video: now = 1738239542.734281, ntp = 1738239542.826031, latency = -0.091750, ts = 2059886.683029, 00 00 00 00  h264
select返回: ret=1
准备接收数据包头...
接收包头: ret=128, readstart=0
包头接收完成，详细信息:
完整的包头十六进制转储:
0000: 16 01 00 00 00 00 00 00 81 cb 63 b7 6e 6e 1f 00  |..........c.nn..|
0010: 00 00 00 00 00 00 00 00 00 00 00 00 00 00 00 00  |................|
0020: 00 00 00 00 00 00 00 00 00 00 00 00 00 00 00 00  |................|
0030: 00 00 00 00 00 00 00 00 00 00 00 00 00 00 00 00  |................|
0040: 00 00 00 00 00 00 00 00 00 00 00 00 00 00 00 00  |................|
0050: 00 00 00 00 00 00 00 00 00 00 00 00 00 00 00 00  |................|
0060: 00 00 00 00 00 00 00 00 00 00 00 00 00 00 00 00  |................|
0070: 00 00 00 00 00 00 00 00 00 00 00 00 00 00 00 00  |................|
- 包类型: 0x00 0x00
- 选项: 0x00 0x00
- 时间戳: 8847146080258945
- 负载大小: 278
准备接收负载数据，大小: 278
接收负载数据: ret=278, readstart=0, 剩余=278
时间戳信息: local=1738239542859367784 (1738239542.859368秒), remote=2059886716366499 (2059886.716366秒)
raop_rtp video: now = 1738239542.822399, ntp = 1738239542.859368, latency = -0.036969, ts = 2059886.716366, 00 00 00 00  h264
select返回: ret=1
准备接收数据包头...
接收包头: ret=128, readstart=0
包头接收完成，详细信息:
完整的包头十六进制转储:
0000: 2d 01 00 00 00 00 00 00 a7 93 ec bf 6e 6e 1f 00  |-...........nn..|
0010: 00 00 00 00 00 00 00 00 00 00 00 00 00 00 00 00  |................|
0020: 00 00 00 00 00 00 00 00 00 00 00 00 00 00 00 00  |................|
0030: 00 00 00 00 00 00 00 00 00 00 00 00 00 00 00 00  |................|
0040: 00 00 00 00 00 00 00 00 00 00 00 00 00 00 00 00  |................|
0050: 00 00 00 00 00 00 00 00 00 00 00 00 00 00 00 00  |................|
0060: 00 00 00 00 00 00 00 00 00 00 00 00 00 00 00 00  |................|
0070: 00 00 00 00 00 00 00 00 00 00 00 00 00 00 00 00  |................|
- 包类型: 0x00 0x00
- 选项: 0x00 0x00
- 时间戳: 8847146223440807
- 负载大小: 301
准备接收负载数据，大小: 301
接收负载数据: ret=301, readstart=0, 剩余=301
时间戳信息: local=1738239542892704909 (1738239542.892705秒), remote=2059886749703624 (2059886.749704秒)
raop_rtp video: now = 1738239542.822482, ntp = 1738239542.892705, latency = -0.070223, ts = 2059886.749704, 00 00 00 00  h264
select返回: ret=1
准备接收数据包头...
接收包头: ret=128, readstart=0
包头接收完成，详细信息:
完整的包头十六进制转储:
0000: 25 01 00 00 00 00 00 00 b3 59 75 c8 6e 6e 1f 00  |%........Yu.nn..|
0010: 00 00 00 00 00 00 00 00 00 00 00 00 00 00 00 00  |................|
0020: 00 00 00 00 00 00 00 00 00 00 00 00 00 00 00 00  |................|
0030: 00 00 00 00 00 00 00 00 00 00 00 00 00 00 00 00  |................|
0040: 00 00 00 00 00 00 00 00 00 00 00 00 00 00 00 00  |................|
0050: 00 00 00 00 00 00 00 00 00 00 00 00 00 00 00 00  |................|
0060: 00 00 00 00 00 00 00 00 00 00 00 00 00 00 00 00  |................|
0070: 00 00 00 00 00 00 00 00 00 00 00 00 00 00 00 00  |................|
- 包类型: 0x00 0x00
- 选项: 0x00 0x00
- 时间戳: 8847146366622131
- 负载大小: 293
准备接收负载数据，大小: 293
接收负载数据: ret=293, readstart=0, 剩余=293
时间戳信息: local=1738239542926041909 (1738239542.926042秒), remote=2059886783040624 (2059886.783041秒)
raop_rtp video: now = 1738239542.835829, ntp = 1738239542.926042, latency = -0.090212, ts = 2059886.783041, 00 00 00 00  h264
select返回: ret=1
准备接收数据包头...
接收包头: ret=128, readstart=0
包头接收完成，详细信息:
完整的包头十六进制转储:
0000: 2e 01 00 00 00 00 00 00 d9 21 fe d0 6e 6e 1f 00  |.........!..nn..|
0010: 00 00 00 00 00 00 00 00 00 00 00 00 00 00 00 00  |................|
0020: 00 00 00 00 00 00 00 00 00 00 00 00 00 00 00 00  |................|
0030: 00 00 00 00 00 00 00 00 00 00 00 00 00 00 00 00  |................|
0040: 00 00 00 00 00 00 00 00 00 00 00 00 00 00 00 00  |................|
0050: 00 00 00 00 00 00 00 00 00 00 00 00 00 00 00 00  |................|
0060: 00 00 00 00 00 00 00 00 00 00 00 00 00 00 00 00  |................|
0070: 00 00 00 00 00 00 00 00 00 00 00 00 00 00 00 00  |................|
- 包类型: 0x00 0x00
- 选项: 0x00 0x00
- 时间戳: 8847146509803993
- 负载大小: 302
准备接收负载数据，大小: 302
接收负载数据: ret=302, readstart=0, 剩余=302
时间戳信息: local=1738239542959379034 (1738239542.959379秒), remote=2059886816377749 (2059886.816378秒)
raop_rtp video: now = 1738239542.924624, ntp = 1738239542.959379, latency = -0.034755, ts = 2059886.816378, 00 00 00 00  h264
select返回: ret=1
准备接收数据包头...
接收包头: ret=128, readstart=0
包头接收完成，详细信息:
完整的包头十六进制转储:
0000: 31 01 00 00 00 00 00 00 ff e9 86 d9 6e 6e 1f 00  |1...........nn..|
0010: 00 00 00 00 00 00 00 00 00 00 00 00 00 00 00 00  |................|
0020: 00 00 00 00 00 00 00 00 00 00 00 00 00 00 00 00  |................|
0030: 00 00 00 00 00 00 00 00 00 00 00 00 00 00 00 00  |................|
0040: 00 00 00 00 00 00 00 00 00 00 00 00 00 00 00 00  |................|
0050: 00 00 00 00 00 00 00 00 00 00 00 00 00 00 00 00  |................|
0060: 00 00 00 00 00 00 00 00 00 00 00 00 00 00 00 00  |................|
0070: 00 00 00 00 00 00 00 00 00 00 00 00 00 00 00 00  |................|
- 包类型: 0x00 0x00
- 选项: 0x00 0x00
- 时间戳: 8847146652985855
- 负载大小: 305
准备接收负载数据，大小: 305
接收负载数据: ret=305, readstart=0, 剩余=305
时间戳信息: local=1738239542992716159 (1738239542.992716秒), remote=2059886849714874 (2059886.849715秒)
raop_rtp video: now = 1738239542.924804, ntp = 1738239542.992716, latency = -0.067912, ts = 2059886.849715, 00 00 00 00  h264
select返回: ret=1
准备接收数据包头...
接收包头: ret=128, readstart=0
包头接收完成，详细信息:
完整的包头十六进制转储:
0000: 32 01 00 00 00 00 00 00 be b0 0f e2 6e 6e 1f 00  |2...........nn..|
0010: 00 00 00 00 00 00 00 00 00 00 00 00 00 00 00 00  |................|
0020: 00 00 00 00 00 00 00 00 00 00 00 00 00 00 00 00  |................|
0030: 00 00 00 00 00 00 00 00 00 00 00 00 00 00 00 00  |................|
0040: 00 00 00 00 00 00 00 00 00 00 00 00 00 00 00 00  |................|
0050: 00 00 00 00 00 00 00 00 00 00 00 00 00 00 00 00  |................|
0060: 00 00 00 00 00 00 00 00 00 00 00 00 00 00 00 00  |................|
0070: 00 00 00 00 00 00 00 00 00 00 00 00 00 00 00 00  |................|
- 包类型: 0x00 0x00
- 选项: 0x00 0x00
- 时间戳: 8847146796167358
- 负载大小: 306
准备接收负载数据，大小: 306
接收负载数据: ret=306, readstart=0, 剩余=306
时间戳信息: local=1738239543026053201 (1738239543.026053秒), remote=2059886883051916 (2059886.883052秒)
raop_rtp video: now = 1738239542.937694, ntp = 1738239543.026053, latency = -0.088359, ts = 2059886.883052, 00 00 00 00  h264
select返回: ret=1
准备接收数据包头...
接收包头: ret=128, readstart=0
包头接收完成，详细信息:
完整的包头十六进制转储:
0000: 2a 01 00 00 00 00 00 00 31 78 98 ea 6e 6e 1f 00  |*.......1x..nn..|
0010: 00 00 00 00 00 00 00 00 00 00 00 00 00 00 00 00  |................|
0020: 00 00 00 00 00 00 00 00 00 00 00 00 00 00 00 00  |................|
0030: 00 00 00 00 00 00 00 00 00 00 00 00 00 00 00 00  |................|
0040: 00 00 00 00 00 00 00 00 00 00 00 00 00 00 00 00  |................|
0050: 00 00 00 00 00 00 00 00 00 00 00 00 00 00 00 00  |................|
0060: 00 00 00 00 00 00 00 00 00 00 00 00 00 00 00 00  |................|
0070: 00 00 00 00 00 00 00 00 00 00 00 00 00 00 00 00  |................|
- 包类型: 0x00 0x00
- 选项: 0x00 0x00
- 时间戳: 8847146939349041
- 负载大小: 298
准备接收负载数据，大小: 298
接收负载数据: ret=298, readstart=0, 剩余=298
时间戳信息: local=1738239543059390284 (1738239543.059390秒), remote=2059886916388999 (2059886.916389秒)
raop_rtp video: now = 1738239543.152620, ntp = 1738239543.059390, latency = 0.093230, ts = 2059886.916389, 00 00 00 00  h264
select返回: ret=1
准备接收数据包头...
接收包头: ret=128, readstart=0
包头接收完成，详细信息:
完整的包头十六进制转储:
0000: 43 01 00 00 00 00 00 00 57 40 21 f3 6e 6e 1f 00  |C.......W@!.nn..|
0010: 00 00 00 00 00 00 00 00 00 00 00 00 00 00 00 00  |................|
0020: 00 00 00 00 00 00 00 00 00 00 00 00 00 00 00 00  |................|
0030: 00 00 00 00 00 00 00 00 00 00 00 00 00 00 00 00  |................|
0040: 00 00 00 00 00 00 00 00 00 00 00 00 00 00 00 00  |................|
0050: 00 00 00 00 00 00 00 00 00 00 00 00 00 00 00 00  |................|
0060: 00 00 00 00 00 00 00 00 00 00 00 00 00 00 00 00  |................|
0070: 00 00 00 00 00 00 00 00 00 00 00 00 00 00 00 00  |................|
- 包类型: 0x00 0x00
- 选项: 0x00 0x00
- 时间戳: 8847147082530903
- 负载大小: 323
准备接收负载数据，大小: 323
接收负载数据: ret=323, readstart=0, 剩余=323
时间戳信息: local=1738239543092727409 (1738239543.092727秒), remote=2059886949726124 (2059886.949726秒)
raop_rtp video: now = 1738239543.152787, ntp = 1738239543.092727, latency = 0.060060, ts = 2059886.949726, 00 00 00 00  h264
select返回: ret=1
准备接收数据包头...
接收包头: ret=128, readstart=0
包头接收完成，详细信息:
完整的包头十六进制转储:
0000: 42 01 00 00 00 00 00 00 16 07 aa fb 6e 6e 1f 00  |B...........nn..|
0010: 00 00 00 00 00 00 00 00 00 00 00 00 00 00 00 00  |................|
0020: 00 00 00 00 00 00 00 00 00 00 00 00 00 00 00 00  |................|
0030: 00 00 00 00 00 00 00 00 00 00 00 00 00 00 00 00  |................|
0040: 00 00 00 00 00 00 00 00 00 00 00 00 00 00 00 00  |................|
0050: 00 00 00 00 00 00 00 00 00 00 00 00 00 00 00 00  |................|
0060: 00 00 00 00 00 00 00 00 00 00 00 00 00 00 00 00  |................|
0070: 00 00 00 00 00 00 00 00 00 00 00 00 00 00 00 00  |................|
- 包类型: 0x00 0x00
- 选项: 0x00 0x00
- 时间戳: 8847147225712406
- 负载大小: 322
准备接收负载数据，大小: 322
接收负载数据: ret=322, readstart=0, 剩余=322
时间戳信息: local=1738239543126064451 (1738239543.126065秒), remote=2059886983063166 (2059886.983063秒)
raop_rtp video: now = 1738239543.152964, ntp = 1738239543.126065, latency = 0.026900, ts = 2059886.983063, 00 00 00 00  h264
select返回: ret=1
准备接收数据包头...
接收包头: ret=128, readstart=0
包头接收完成，详细信息:
完整的包头十六进制转储:
0000: 3f 01 00 00 00 00 00 00 89 ce 32 04 6f 6e 1f 00  |?.........2.on..|
0010: 00 00 00 00 00 00 00 00 00 00 00 00 00 00 00 00  |................|
0020: 00 00 00 00 00 00 00 00 00 00 00 00 00 00 00 00  |................|
0030: 00 00 00 00 00 00 00 00 00 00 00 00 00 00 00 00  |................|
0040: 00 00 00 00 00 00 00 00 00 00 00 00 00 00 00 00  |................|
0050: 00 00 00 00 00 00 00 00 00 00 00 00 00 00 00 00  |................|
0060: 00 00 00 00 00 00 00 00 00 00 00 00 00 00 00 00  |................|
0070: 00 00 00 00 00 00 00 00 00 00 00 00 00 00 00 00  |................|
- 包类型: 0x00 0x00
- 选项: 0x00 0x00
- 时间戳: 8847147368894089
- 负载大小: 319
准备接收负载数据，大小: 319
接收负载数据: ret=319, readstart=0, 剩余=319
时间戳信息: local=1738239543159401534 (1738239543.159402秒), remote=2059887016400249 (2059887.016400秒)
raop_rtp video: now = 1738239543.153078, ntp = 1738239543.159402, latency = -0.006323, ts = 2059887.016400, 00 00 00 00  h264
select返回: ret=1
准备接收数据包头...
接收包头: ret=128, readstart=0
包头接收完成，详细信息:
完整的包头十六进制转储:
0000: 40 01 00 00 00 00 00 00 af 96 bb 0c 6f 6e 1f 00  |@...........on..|
0010: 00 00 00 00 00 00 00 00 00 00 00 00 00 00 00 00  |................|
0020: 00 00 00 00 00 00 00 00 00 00 00 00 00 00 00 00  |................|
0030: 00 00 00 00 00 00 00 00 00 00 00 00 00 00 00 00  |................|
0040: 00 00 00 00 00 00 00 00 00 00 00 00 00 00 00 00  |................|
0050: 00 00 00 00 00 00 00 00 00 00 00 00 00 00 00 00  |................|
0060: 00 00 00 00 00 00 00 00 00 00 00 00 00 00 00 00  |................|
0070: 00 00 00 00 00 00 00 00 00 00 00 00 00 00 00 00  |................|
- 包类型: 0x00 0x00
- 选项: 0x00 0x00
- 时间戳: 8847147512075951
- 负载大小: 320
准备接收负载数据，大小: 320
接收负载数据: ret=320, readstart=0, 剩余=320
时间戳信息: local=1738239543192738659 (1738239543.192739秒), remote=2059887049737374 (2059887.049737秒)
raop_rtp video: now = 1738239543.153318, ntp = 1738239543.192739, latency = -0.039421, ts = 2059887.049737, 00 00 00 00  h264
select返回: ret=1
准备接收数据包头...
接收包头: ret=128, readstart=0
包头接收完成，详细信息:
完整的包头十六进制转储:
0000: 5a 01 00 00 00 00 00 00 6e 5d 44 15 6f 6e 1f 00  |Z.......n]D.on..|
0010: 00 00 00 00 00 00 00 00 00 00 00 00 00 00 00 00  |................|
0020: 00 00 00 00 00 00 00 00 00 00 00 00 00 00 00 00  |................|
0030: 00 00 00 00 00 00 00 00 00 00 00 00 00 00 00 00  |................|
0040: 00 00 00 00 00 00 00 00 00 00 00 00 00 00 00 00  |................|
0050: 00 00 00 00 00 00 00 00 00 00 00 00 00 00 00 00  |................|
0060: 00 00 00 00 00 00 00 00 00 00 00 00 00 00 00 00  |................|
0070: 00 00 00 00 00 00 00 00 00 00 00 00 00 00 00 00  |................|
- 包类型: 0x00 0x00
- 选项: 0x00 0x00
- 时间戳: 8847147655257454
- 负载大小: 346
准备接收负载数据，大小: 346
接收负载数据: ret=346, readstart=0, 剩余=346
时间戳信息: local=1738239543226075701 (1738239543.226076秒), remote=2059887083074416 (2059887.083074秒)
raop_rtp video: now = 1738239543.153435, ntp = 1738239543.226076, latency = -0.072641, ts = 2059887.083074, 00 00 00 00  h264
select返回: ret=1
准备接收数据包头...
接收包头: ret=128, readstart=0
包头接收完成，详细信息:
完整的包头十六进制转储:
0000: 4e 01 00 00 00 00 00 00 e1 24 cd 1d 6f 6e 1f 00  |N........$..on..|
0010: 00 00 00 00 00 00 00 00 00 00 00 00 00 00 00 00  |................|
0020: 00 00 00 00 00 00 00 00 00 00 00 00 00 00 00 00  |................|
0030: 00 00 00 00 00 00 00 00 00 00 00 00 00 00 00 00  |................|
0040: 00 00 00 00 00 00 00 00 00 00 00 00 00 00 00 00  |................|
0050: 00 00 00 00 00 00 00 00 00 00 00 00 00 00 00 00  |................|
0060: 00 00 00 00 00 00 00 00 00 00 00 00 00 00 00 00  |................|
0070: 00 00 00 00 00 00 00 00 00 00 00 00 00 00 00 00  |................|
- 包类型: 0x00 0x00
- 选项: 0x00 0x00
- 时间戳: 8847147798439137
- 负载大小: 334
准备接收负载数据，大小: 334
接收负载数据: ret=334, readstart=0, 剩余=334
时间戳信息: local=1738239543259412784 (1738239543.259413秒), remote=2059887116411499 (2059887.116411秒)
raop_rtp video: now = 1738239543.233097, ntp = 1738239543.259413, latency = -0.026316, ts = 2059887.116411, 00 00 00 00  h264
select返回: ret=1
准备接收数据包头...
接收包头: ret=128, readstart=0
包头接收完成，详细信息:
完整的包头十六进制转储:
0000: 41 01 00 00 00 00 00 00 06 ed 55 26 6f 6e 1f 00  |A.........U&on..|
0010: 00 00 00 00 00 00 00 00 00 00 00 00 00 00 00 00  |................|
0020: 00 00 00 00 00 00 00 00 00 00 00 00 00 00 00 00  |................|
0030: 00 00 00 00 00 00 00 00 00 00 00 00 00 00 00 00  |................|
0040: 00 00 00 00 00 00 00 00 00 00 00 00 00 00 00 00  |................|
0050: 00 00 00 00 00 00 00 00 00 00 00 00 00 00 00 00  |................|
0060: 00 00 00 00 00 00 00 00 00 00 00 00 00 00 00 00  |................|
0070: 00 00 00 00 00 00 00 00 00 00 00 00 00 00 00 00  |................|
- 包类型: 0x00 0x00
- 选项: 0x00 0x00
- 时间戳: 8847147941620998
- 负载大小: 321
准备接收负载数据，大小: 321
接收负载数据: ret=321, readstart=0, 剩余=321
时间戳信息: local=1738239543292749909 (1738239543.292750秒), remote=2059887149748624 (2059887.149749秒)
raop_rtp video: now = 1738239543.233315, ntp = 1738239543.292750, latency = -0.059435, ts = 2059887.149749, 00 00 00 00  h264
select返回: ret=1
准备接收数据包头...
接收包头: ret=128, readstart=0
包头接收完成，详细信息:
完整的包头十六进制转储:
0000: 3e 01 00 00 00 00 00 00 c6 b3 de 2e 6f 6e 1f 00  |>...........on..|
0010: 00 00 00 00 00 00 00 00 00 00 00 00 00 00 00 00  |................|
0020: 00 00 00 00 00 00 00 00 00 00 00 00 00 00 00 00  |................|
0030: 00 00 00 00 00 00 00 00 00 00 00 00 00 00 00 00  |................|
0040: 00 00 00 00 00 00 00 00 00 00 00 00 00 00 00 00  |................|
0050: 00 00 00 00 00 00 00 00 00 00 00 00 00 00 00 00  |................|
0060: 00 00 00 00 00 00 00 00 00 00 00 00 00 00 00 00  |................|
0070: 00 00 00 00 00 00 00 00 00 00 00 00 00 00 00 00  |................|
- 包类型: 0x00 0x00
- 选项: 0x00 0x00
- 时间戳: 8847148084802502
- 负载大小: 318
准备接收负载数据，大小: 318
接收负载数据: ret=318, readstart=0, 剩余=318
时间戳信息: local=1738239543326086951 (1738239543.326087秒), remote=2059887183085666 (2059887.183086秒)
raop_rtp video: now = 1738239543.238421, ntp = 1738239543.326087, latency = -0.087666, ts = 2059887.183086, 00 00 00 00  h264

raop_ntp send time type_t=82 packetlen = 32, now = 1738239543.274449
80 d2 00 07 00 00 00 00 00 00 00 00 00 00 00 00 
00 00 00 00 00 00 00 00 eb 45 ec b7 46 42 49 25 

select返回: ret=1
准备接收数据包头...
接收包头: ret=128, readstart=0
包头接收完成，详细信息:
完整的包头十六进制转储:
0000: 46 01 00 00 00 00 00 00 39 7b 67 37 6f 6e 1f 00  |F.......9{g7on..|
0010: 00 00 00 00 00 00 00 00 00 00 00 00 00 00 00 00  |................|
0020: 00 00 00 00 00 00 00 00 00 00 00 00 00 00 00 00  |................|
0030: 00 00 00 00 00 00 00 00 00 00 00 00 00 00 00 00  |................|
0040: 00 00 00 00 00 00 00 00 00 00 00 00 00 00 00 00  |................|
0050: 00 00 00 00 00 00 00 00 00 00 00 00 00 00 00 00  |................|
0060: 00 00 00 00 00 00 00 00 00 00 00 00 00 00 00 00  |................|
0070: 00 00 00 00 00 00 00 00 00 00 00 00 00 00 00 00  |................|
- 包类型: 0x00 0x00
- 选项: 0x00 0x00
- 时间戳: 8847148227984185
- 负载大小: 326
准备接收负载数据，大小: 326
接收负载数据: ret=326, readstart=0, 剩余=326
时间戳信息: local=1738239543359424034 (1738239543.359424秒), remote=2059887216422749 (2059887.216423秒)
raop_rtp video: now = 1738239543.337371, ntp = 1738239543.359424, latency = -0.022053, ts = 2059887.216423, 00 00 00 00  h264
select返回: ret=1
准备接收数据包头...
接收包头: ret=128, readstart=0
包头接收完成，详细信息:
完整的包头十六进制转储:
0000: 3c 01 00 00 00 00 00 00 5e 43 f0 3f 6f 6e 1f 00  |<.......^C.?on..|
0010: 00 00 00 00 00 00 00 00 00 00 00 00 00 00 00 00  |................|
0020: 00 00 00 00 00 00 00 00 00 00 00 00 00 00 00 00  |................|
0030: 00 00 00 00 00 00 00 00 00 00 00 00 00 00 00 00  |................|
0040: 00 00 00 00 00 00 00 00 00 00 00 00 00 00 00 00  |................|
0050: 00 00 00 00 00 00 00 00 00 00 00 00 00 00 00 00  |................|
0060: 00 00 00 00 00 00 00 00 00 00 00 00 00 00 00 00  |................|
0070: 00 00 00 00 00 00 00 00 00 00 00 00 00 00 00 00  |................|
- 包类型: 0x00 0x00
- 选项: 0x00 0x00
- 时间戳: 8847148371166046
- 负载大小: 316
准备接收负载数据，大小: 316
接收负载数据: ret=316, readstart=0, 剩余=316
时间戳信息: local=1738239543392761159 (1738239543.392761秒), remote=2059887249759874 (2059887.249760秒)
raop_rtp video: now = 1738239543.337578, ntp = 1738239543.392761, latency = -0.055183, ts = 2059887.249760, 00 00 00 00  h264
select返回: ret=1
准备接收数据包头...
接收包头: ret=128, readstart=0
包头接收完成，详细信息:
完整的包头十六进制转储:
0000: 31 01 00 00 00 00 00 00 1e 0a 79 48 6f 6e 1f 00  |1.........yHon..|
0010: 00 00 00 00 00 00 00 00 00 00 00 00 00 00 00 00  |................|
0020: 00 00 00 00 00 00 00 00 00 00 00 00 00 00 00 00  |................|
0030: 00 00 00 00 00 00 00 00 00 00 00 00 00 00 00 00  |................|
0040: 00 00 00 00 00 00 00 00 00 00 00 00 00 00 00 00  |................|
0050: 00 00 00 00 00 00 00 00 00 00 00 00 00 00 00 00  |................|
0060: 00 00 00 00 00 00 00 00 00 00 00 00 00 00 00 00  |................|
0070: 00 00 00 00 00 00 00 00 00 00 00 00 00 00 00 00  |................|
- 包类型: 0x00 0x00
- 选项: 0x00 0x00
- 时间戳: 8847148514347550
- 负载大小: 305
准备接收负载数据，大小: 305
接收负载数据: ret=305, readstart=0, 剩余=305
时间戳信息: local=1738239543426098201 (1738239543.426098秒), remote=2059887283096916 (2059887.283097秒)
raop_rtp video: now = 1738239543.337741, ntp = 1738239543.426098, latency = -0.088357, ts = 2059887.283097, 00 00 00 00  h264
raop_ntp receive time type_t=83 packetlen = 32, now = 1738239543.344509 t1 = 2059887.194687, t2 = 2059887.194786
80 d3 00 07 00 00 00 00 eb 45 ec b7 46 42 49 25 
83 c9 ec ef 31 d6 fc f5 83 c9 ec ef 31 dd 86 7c 

raop_ntp sync correction = 0, sync_offset = -1736179656143001285
select返回: ret=1
准备接收数据包头...
接收包头: ret=128, readstart=0
包头接收完成，详细信息:
完整的包头十六进制转储:
0000: 1c 01 00 00 00 00 00 00 91 d1 01 51 6f 6e 1f 00  |...........Qon..|
0010: 00 00 00 00 00 00 00 00 00 00 00 00 00 00 00 00  |................|
0020: 00 00 00 00 00 00 00 00 00 00 00 00 00 00 00 00  |................|
0030: 00 00 00 00 00 00 00 00 00 00 00 00 00 00 00 00  |................|
0040: 00 00 00 00 00 00 00 00 00 00 00 00 00 00 00 00  |................|
0050: 00 00 00 00 00 00 00 00 00 00 00 00 00 00 00 00  |................|
0060: 00 00 00 00 00 00 00 00 00 00 00 00 00 00 00 00  |................|
0070: 00 00 00 00 00 00 00 00 00 00 00 00 00 00 00 00  |................|
- 包类型: 0x00 0x00
- 选项: 0x00 0x00
- 时间戳: 8847148657529233
- 负载大小: 284
准备接收负载数据，大小: 284
接收负载数据: ret=284, readstart=0, 剩余=284
时间戳信息: local=1738239543459435284 (1738239543.459435秒), remote=2059887316433999 (2059887.316434秒)
raop_rtp video: now = 1738239543.441437, ntp = 1738239543.459435, latency = -0.017999, ts = 2059887.316434, 00 00 00 00  h264
select返回: ret=1
准备接收数据包头...
接收包头: ret=128, readstart=0
包头接收完成，详细信息:
完整的包头十六进制转储:
0000: 26 01 00 00 00 00 00 00 b6 99 8a 59 6f 6e 1f 00  |&..........Yon..|
0010: 00 00 00 00 00 00 00 00 00 00 00 00 00 00 00 00  |................|
0020: 00 00 00 00 00 00 00 00 00 00 00 00 00 00 00 00  |................|
0030: 00 00 00 00 00 00 00 00 00 00 00 00 00 00 00 00  |................|
0040: 00 00 00 00 00 00 00 00 00 00 00 00 00 00 00 00  |................|
0050: 00 00 00 00 00 00 00 00 00 00 00 00 00 00 00 00  |................|
0060: 00 00 00 00 00 00 00 00 00 00 00 00 00 00 00 00  |................|
0070: 00 00 00 00 00 00 00 00 00 00 00 00 00 00 00 00  |................|
- 包类型: 0x00 0x00
- 选项: 0x00 0x00
- 时间戳: 8847148800711094
- 负载大小: 294
准备接收负载数据，大小: 294
接收负载数据: ret=294, readstart=0, 剩余=294
时间戳信息: local=1738239543492772409 (1738239543.492773秒), remote=2059887349771124 (2059887.349771秒)
raop_rtp video: now = 1738239543.441705, ntp = 1738239543.492773, latency = -0.051068, ts = 2059887.349771, 00 00 00 00  h264
select返回: ret=1
准备接收数据包头...
接收包头: ret=128, readstart=0
包头接收完成，详细信息:
完整的包头十六进制转储:
0000: 1f 01 00 00 00 00 00 00 76 60 13 62 6f 6e 1f 00  |........v`.bon..|
0010: 00 00 00 00 00 00 00 00 00 00 00 00 00 00 00 00  |................|
0020: 00 00 00 00 00 00 00 00 00 00 00 00 00 00 00 00  |................|
0030: 00 00 00 00 00 00 00 00 00 00 00 00 00 00 00 00  |................|
0040: 00 00 00 00 00 00 00 00 00 00 00 00 00 00 00 00  |................|
0050: 00 00 00 00 00 00 00 00 00 00 00 00 00 00 00 00  |................|
0060: 00 00 00 00 00 00 00 00 00 00 00 00 00 00 00 00  |................|
0070: 00 00 00 00 00 00 00 00 00 00 00 00 00 00 00 00  |................|
- 包类型: 0x00 0x00
- 选项: 0x00 0x00
- 时间戳: 8847148943892598
- 负载大小: 287
准备接收负载数据，大小: 287
接收负载数据: ret=287, readstart=0, 剩余=287
时间戳信息: local=1738239543526109451 (1738239543.526109秒), remote=2059887383108166 (2059887.383108秒)
raop_rtp video: now = 1738239543.657819, ntp = 1738239543.526109, latency = 0.131709, ts = 2059887.383108, 00 00 00 00  h264
select返回: ret=1
准备接收数据包头...
接收包头: ret=128, readstart=0
包头接收完成，详细信息:
完整的包头十六进制转储:
0000: 2e 01 00 00 00 00 00 00 e9 27 9c 6a 6f 6e 1f 00  |.........'.jon..|
0010: 00 00 00 00 00 00 00 00 00 00 00 00 00 00 00 00  |................|
0020: 00 00 00 00 00 00 00 00 00 00 00 00 00 00 00 00  |................|
0030: 00 00 00 00 00 00 00 00 00 00 00 00 00 00 00 00  |................|
0040: 00 00 00 00 00 00 00 00 00 00 00 00 00 00 00 00  |................|
0050: 00 00 00 00 00 00 00 00 00 00 00 00 00 00 00 00  |................|
0060: 00 00 00 00 00 00 00 00 00 00 00 00 00 00 00 00  |................|
0070: 00 00 00 00 00 00 00 00 00 00 00 00 00 00 00 00  |................|
- 包类型: 0x00 0x00
- 选项: 0x00 0x00
- 时间戳: 8847149087074281
- 负载大小: 302
准备接收负载数据，大小: 302
接收负载数据: ret=302, readstart=0, 剩余=302
时间戳信息: local=1738239543559446534 (1738239543.559447秒), remote=2059887416445249 (2059887.416445秒)
raop_rtp video: now = 1738239543.657972, ntp = 1738239543.559447, latency = 0.098525, ts = 2059887.416445, 00 00 00 00  h264
select返回: ret=1
准备接收数据包头...
接收包头: ret=128, readstart=0
包头接收完成，详细信息:
完整的包头十六进制转储:
0000: 10 63 00 00 05 00 00 00 00 00 00 00 00 00 00 00  |.c..............|
0010: 00 00 00 00 00 00 00 00 00 00 00 00 00 00 00 00  |................|
0020: 00 00 00 00 00 00 00 00 00 00 00 00 00 00 00 00  |................|
0030: 00 00 00 00 00 00 00 00 00 00 00 00 00 00 00 00  |................|
0040: 00 00 00 00 00 00 00 00 00 00 00 00 00 00 00 00  |................|
0050: 00 00 00 00 00 00 00 00 00 00 00 00 00 00 00 00  |................|
0060: 00 00 00 00 00 00 00 00 00 00 00 00 00 00 00 00  |................|
0070: 00 00 00 00 00 00 00 00 00 00 00 00 00 00 b4 43  |...............C|
- 包类型: 0x05 0x00
- 选项: 0x00 0x00
- 时间戳: 0
- 负载大小: 25360
准备接收负载数据，大小: 25360
接收负载数据: ret=7112, readstart=0, 剩余=25360
接收负载数据: ret=-1, readstart=7112, 剩余=18248
select返回: ret=1
准备接收数据包头...
接收负载数据: ret=2896, readstart=7112, 剩余=18248
接收负载数据: ret=1448, readstart=10008, 剩余=15352
接收负载数据: ret=-1, readstart=11456, 剩余=13904
select返回: ret=1
准备接收数据包头...
接收负载数据: ret=5792, readstart=11456, 剩余=13904
接收负载数据: ret=-1, readstart=17248, 剩余=8112
select返回: ret=1
准备接收数据包头...
接收负载数据: ret=5792, readstart=17248, 剩余=8112
接收负载数据: ret=-1, readstart=23040, 剩余=2320
select返回: ret=1
准备接收数据包头...
接收负载数据: ret=1448, readstart=23040, 剩余=2320
接收负载数据: ret=872, readstart=24488, 剩余=872

Received video streaming performance info packet from client: payload_size 25360 header 05 00 00 00  ts_raw = 0
select返回: ret=1
准备接收数据包头...
接收包头: ret=128, readstart=0
包头接收完成，详细信息:
完整的包头十六进制转储:
0000: 1d 01 00 00 00 00 00 00 0e f0 24 73 6f 6e 1f 00  |..........$son..|
0010: 00 00 00 00 00 00 00 00 00 00 00 00 00 00 00 00  |................|
0020: 00 00 00 00 00 00 00 00 00 00 00 00 00 00 00 00  |................|
0030: 00 00 00 00 00 00 00 00 00 00 00 00 00 00 00 00  |................|
0040: 00 00 00 00 00 00 00 00 00 00 00 00 00 00 00 00  |................|
0050: 00 00 00 00 00 00 00 00 00 00 00 00 00 00 00 00  |................|
0060: 00 00 00 00 00 00 00 00 00 00 00 00 00 00 00 00  |................|
0070: 00 00 00 00 00 00 00 00 00 00 00 00 00 00 00 00  |................|
- 包类型: 0x00 0x00
- 选项: 0x00 0x00
- 时间戳: 8847149230256142
- 负载大小: 285
准备接收负载数据，大小: 285
接收负载数据: ret=285, readstart=0, 剩余=285
时间戳信息: local=1738239543592783659 (1738239543.592784秒), remote=2059887449782374 (2059887.449782秒)
raop_rtp video: now = 1738239543.766879, ntp = 1738239543.592784, latency = 0.174095, ts = 2059887.449782, 00 00 00 00  h264
select返回: ret=1
准备接收数据包头...
接收包头: ret=128, readstart=0
包头接收完成，详细信息:
完整的包头十六进制转储:
0000: 2c 01 00 00 00 00 00 00 ce b6 ad 7b 6f 6e 1f 00  |,..........{on..|
0010: 00 00 00 00 00 00 00 00 00 00 00 00 00 00 00 00  |................|
0020: 00 00 00 00 00 00 00 00 00 00 00 00 00 00 00 00  |................|
0030: 00 00 00 00 00 00 00 00 00 00 00 00 00 00 00 00  |................|
0040: 00 00 00 00 00 00 00 00 00 00 00 00 00 00 00 00  |................|
0050: 00 00 00 00 00 00 00 00 00 00 00 00 00 00 00 00  |................|
0060: 00 00 00 00 00 00 00 00 00 00 00 00 00 00 00 00  |................|
0070: 00 00 00 00 00 00 00 00 00 00 00 00 00 00 00 00  |................|
- 包类型: 0x00 0x00
- 选项: 0x00 0x00
- 时间戳: 8847149373437646
- 负载大小: 300
准备接收负载数据，大小: 300
接收负载数据: ret=300, readstart=0, 剩余=300
时间戳信息: local=1738239543626120701 (1738239543.626121秒), remote=2059887483119416 (2059887.483119秒)
raop_rtp video: now = 1738239543.767038, ntp = 1738239543.626121, latency = 0.140917, ts = 2059887.483119, 00 00 00 00  h264
select返回: ret=1
准备接收数据包头...
接收包头: ret=128, readstart=0
包头接收完成，详细信息:
完整的包头十六进制转储:
0000: 1f 01 00 00 00 00 00 00 41 7e 36 84 6f 6e 1f 00  |........A~6.on..|
0010: 00 00 00 00 00 00 00 00 00 00 00 00 00 00 00 00  |................|
0020: 00 00 00 00 00 00 00 00 00 00 00 00 00 00 00 00  |................|
0030: 00 00 00 00 00 00 00 00 00 00 00 00 00 00 00 00  |................|
0040: 00 00 00 00 00 00 00 00 00 00 00 00 00 00 00 00  |................|
0050: 00 00 00 00 00 00 00 00 00 00 00 00 00 00 00 00  |................|
0060: 00 00 00 00 00 00 00 00 00 00 00 00 00 00 00 00  |................|
0070: 00 00 00 00 00 00 00 00 00 00 00 00 00 00 00 00  |................|
- 包类型: 0x00 0x00
- 选项: 0x00 0x00
- 时间戳: 8847149516619329
- 负载大小: 287
准备接收负载数据，大小: 287
接收负载数据: ret=287, readstart=0, 剩余=287
时间戳信息: local=1738239543659457784 (1738239543.659458秒), remote=2059887516456499 (2059887.516456秒)
raop_rtp video: now = 1738239543.767237, ntp = 1738239543.659458, latency = 0.107779, ts = 2059887.516456, 00 00 00 00  h264
select返回: ret=1
准备接收数据包头...
接收包头: ret=128, readstart=0
包头接收完成，详细信息:
完整的包头十六进制转储:
0000: 1b 01 00 00 00 00 00 00 66 46 bf 8c 6f 6e 1f 00  |........fF..on..|
0010: 00 00 00 00 00 00 00 00 00 00 00 00 00 00 00 00  |................|
0020: 00 00 00 00 00 00 00 00 00 00 00 00 00 00 00 00  |................|
0030: 00 00 00 00 00 00 00 00 00 00 00 00 00 00 00 00  |................|
0040: 00 00 00 00 00 00 00 00 00 00 00 00 00 00 00 00  |................|
0050: 00 00 00 00 00 00 00 00 00 00 00 00 00 00 00 00  |................|
0060: 00 00 00 00 00 00 00 00 00 00 00 00 00 00 00 00  |................|
0070: 00 00 00 00 00 00 00 00 00 00 00 00 00 00 00 00  |................|
- 包类型: 0x00 0x00
- 选项: 0x00 0x00
- 时间戳: 8847149659801190
- 负载大小: 283
准备接收负载数据，大小: 283
接收负载数据: ret=283, readstart=0, 剩余=283
时间戳信息: local=1738239543692794909 (1738239543.692795秒), remote=2059887549793624 (2059887.549794秒)
raop_rtp video: now = 1738239543.767357, ntp = 1738239543.692795, latency = 0.074562, ts = 2059887.549794, 00 00 00 00  h264
select返回: ret=1
准备接收数据包头...
接收包头: ret=128, readstart=0
包头接收完成，详细信息:
完整的包头十六进制转储:
0000: 43 01 00 00 00 00 00 00 aa 8e af bb 6f 6e 1f 00  |C...........on..|
0010: 00 00 00 00 00 00 00 00 00 00 00 00 00 00 00 00  |................|
0020: 00 00 00 00 00 00 00 00 00 00 00 00 00 00 00 00  |................|
0030: 00 00 00 00 00 00 00 00 00 00 00 00 00 00 00 00  |................|
0040: 00 00 00 00 00 00 00 00 00 00 00 00 00 00 00 00  |................|
0050: 00 00 00 00 00 00 00 00 00 00 00 00 00 00 00 00  |................|
0060: 00 00 00 00 00 00 00 00 00 00 00 00 00 00 00 00  |................|
0070: 00 00 00 00 00 00 00 00 00 00 00 00 00 00 00 00  |................|
- 包类型: 0x00 0x00
- 选项: 0x00 0x00
- 时间戳: 8847150447300266
- 负载大小: 323
准备接收负载数据，大小: 323
接收负载数据: ret=323, readstart=0, 剩余=323
时间戳信息: local=1738239543876148826 (1738239543.876149秒), remote=2059887733147541 (2059887.733148秒)
raop_rtp video: now = 1738239543.846824, ntp = 1738239543.876149, latency = -0.029325, ts = 2059887.733148, 00 00 00 00  h264
select返回: ret=1
准备接收数据包头...
接收包头: ret=128, readstart=0
包头接收完成，详细信息:
完整的包头十六进制转储:
0000: 24 01 00 00 00 00 00 00 1d 56 38 c4 6f 6e 1f 00  |$........V8.on..|
0010: 00 00 00 00 00 00 00 00 00 00 00 00 00 00 00 00  |................|
0020: 00 00 00 00 00 00 00 00 00 00 00 00 00 00 00 00  |................|
0030: 00 00 00 00 00 00 00 00 00 00 00 00 00 00 00 00  |................|
0040: 00 00 00 00 00 00 00 00 00 00 00 00 00 00 00 00  |................|
0050: 00 00 00 00 00 00 00 00 00 00 00 00 00 00 00 00  |................|
0060: 00 00 00 00 00 00 00 00 00 00 00 00 00 00 00 00  |................|
0070: 00 00 00 00 00 00 00 00 00 00 00 00 00 00 00 00  |................|
- 包类型: 0x00 0x00
- 选项: 0x00 0x00
- 时间戳: 8847150590481949
- 负载大小: 292
准备接收负载数据，大小: 292
接收负载数据: ret=292, readstart=0, 剩余=292
时间戳信息: local=1738239543909485909 (1738239543.909486秒), remote=2059887766484624 (2059887.766485秒)
raop_rtp video: now = 1738239543.847007, ntp = 1738239543.909486, latency = -0.062479, ts = 2059887.766485, 00 00 00 00  h264
select返回: ret=1
准备接收数据包头...
接收包头: ret=128, readstart=0
包头接收完成，详细信息:
完整的包头十六进制转储:
0000: 2c 01 00 00 00 00 00 00 42 1e c1 cc 6f 6e 1f 00  |,.......B...on..|
0010: 00 00 00 00 00 00 00 00 00 00 00 00 00 00 00 00  |................|
0020: 00 00 00 00 00 00 00 00 00 00 00 00 00 00 00 00  |................|
0030: 00 00 00 00 00 00 00 00 00 00 00 00 00 00 00 00  |................|
0040: 00 00 00 00 00 00 00 00 00 00 00 00 00 00 00 00  |................|
0050: 00 00 00 00 00 00 00 00 00 00 00 00 00 00 00 00  |................|
0060: 00 00 00 00 00 00 00 00 00 00 00 00 00 00 00 00  |................|
0070: 00 00 00 00 00 00 00 00 00 00 00 00 00 00 00 00  |................|
- 包类型: 0x00 0x00
- 选项: 0x00 0x00
- 时间戳: 8847150733663810
- 负载大小: 300
准备接收负载数据，大小: 300
接收负载数据: ret=300, readstart=0, 剩余=300
时间戳信息: local=1738239543942823034 (1738239543.942823秒), remote=2059887799821749 (2059887.799822秒)
raop_rtp video: now = 1738239543.852308, ntp = 1738239543.942823, latency = -0.090515, ts = 2059887.799822, 00 00 00 00  h264
select返回: ret=1
准备接收数据包头...
接收包头: ret=128, readstart=0
包头接收完成，详细信息:
完整的包头十六进制转储:
0000: 22 01 00 00 00 00 00 00 02 e5 49 d5 6f 6e 1f 00  |".........I.on..|
0010: 00 00 00 00 00 00 00 00 00 00 00 00 00 00 00 00  |................|
0020: 00 00 00 00 00 00 00 00 00 00 00 00 00 00 00 00  |................|
0030: 00 00 00 00 00 00 00 00 00 00 00 00 00 00 00 00  |................|
0040: 00 00 00 00 00 00 00 00 00 00 00 00 00 00 00 00  |................|
0050: 00 00 00 00 00 00 00 00 00 00 00 00 00 00 00 00  |................|
0060: 00 00 00 00 00 00 00 00 00 00 00 00 00 00 00 00  |................|
0070: 00 00 00 00 00 00 00 00 00 00 00 00 00 00 00 00  |................|
- 包类型: 0x00 0x00
- 选项: 0x00 0x00
- 时间戳: 8847150876845314
- 负载大小: 290
准备接收负载数据，大小: 290
接收负载数据: ret=290, readstart=0, 剩余=290
时间戳信息: local=1738239543976160076 (1738239543.976160秒), remote=2059887833158791 (2059887.833159秒)
raop_rtp video: now = 1738239543.949027, ntp = 1738239543.976160, latency = -0.027133, ts = 2059887.833159, 00 00 00 00  h264
select返回: ret=1
准备接收数据包头...
接收包头: ret=128, readstart=0
包头接收完成，详细信息:
完整的包头十六进制转储:
0000: 2a 01 00 00 00 00 00 00 75 ac d2 dd 6f 6e 1f 00  |*.......u...on..|
0010: 00 00 00 00 00 00 00 00 00 00 00 00 00 00 00 00  |................|
0020: 00 00 00 00 00 00 00 00 00 00 00 00 00 00 00 00  |................|
0030: 00 00 00 00 00 00 00 00 00 00 00 00 00 00 00 00  |................|
0040: 00 00 00 00 00 00 00 00 00 00 00 00 00 00 00 00  |................|
0050: 00 00 00 00 00 00 00 00 00 00 00 00 00 00 00 00  |................|
0060: 00 00 00 00 00 00 00 00 00 00 00 00 00 00 00 00  |................|
0070: 00 00 00 00 00 00 00 00 00 00 00 00 00 00 00 00  |................|
- 包类型: 0x00 0x00
- 选项: 0x00 0x00
- 时间戳: 8847151020026997
- 负载大小: 298
准备接收负载数据，大小: 298
接收负载数据: ret=298, readstart=0, 剩余=298
时间戳信息: local=1738239544009497159 (1738239544.009497秒), remote=2059887866495874 (2059887.866496秒)
raop_rtp video: now = 1738239543.949134, ntp = 1738239544.009497, latency = -0.060363, ts = 2059887.866496, 00 00 00 00  h264
select返回: ret=1
准备接收数据包头...
接收包头: ret=128, readstart=0
包头接收完成，详细信息:
完整的包头十六进制转储:
0000: 30 01 00 00 00 00 00 00 9a 74 5b e6 6f 6e 1f 00  |0........t[.on..|
0010: 00 00 00 00 00 00 00 00 00 00 00 00 00 00 00 00  |................|
0020: 00 00 00 00 00 00 00 00 00 00 00 00 00 00 00 00  |................|
0030: 00 00 00 00 00 00 00 00 00 00 00 00 00 00 00 00  |................|
0040: 00 00 00 00 00 00 00 00 00 00 00 00 00 00 00 00  |................|
0050: 00 00 00 00 00 00 00 00 00 00 00 00 00 00 00 00  |................|
0060: 00 00 00 00 00 00 00 00 00 00 00 00 00 00 00 00  |................|
0070: 00 00 00 00 00 00 00 00 00 00 00 00 00 00 00 00  |................|
- 包类型: 0x00 0x00
- 选项: 0x00 0x00
- 时间戳: 8847151163208858